type total,ops,op/s,pk/s,row/s,mean,med,.95,.99,.999,max,time,stderr,errors,gc: #,max ms,sum ms,sdv ms,mb
total,5,5,5,5,60.2,2.4,160.4,160.4,160.4,160.4,2023-12-25 17:27:51,0.00000,0,0,0,0,0,0
total,47,42,42,42,109.3,135.1,315.6,335.8,335.8,335.8,2023-12-25 17:27:52,0.58538,0,0,0,0,0,0
total,94,47,47,47,82.8,135.0,167.9,168.0,168.0,168.0,2023-12-25 17:27:53,0.35226,0,0,0,0,0,0
total,136,42,42,42,100.2,145.2,168.2,170.4,170.4,170.4,2023-12-25 17:27:54,0.25475,0,0,0,0,0,0
total,176,40,40,40,95.6,135.0,167.8,289.7,289.7,289.7,2023-12-25 17:27:55,0.19873,0,0,0,0,0,0
total,222,46,46,46,86.0,135.1,168.0,168.2,168.2,168.2,2023-12-25 17:27:56,0.16295,0,0,0,0,0,0
total,263,41,41,41,98.5,145.1,167.9,168.0,168.0,168.0,2023-12-25 17:27:57,0.13918,0,0,0,0,0,0
total,311,48,48,48,84.8,134.7,167.9,167.9,167.9,167.9,2023-12-25 17:27:58,0.12097,0,0,0,0,0,0
total,362,51,51,51,77.1,134.7,167.5,167.6,167.8,167.8,2023-12-25 17:27:59,0.10758,0,0,0,0,0,0
total,403,41,41,41,100.2,144.8,167.9,168.0,168.0,168.0,2023-12-25 17:28:00,0.09712,0,0,0,0,0,0
total,441,38,38,38,101.6,145.0,167.8,168.0,168.0,168.0,2023-12-25 17:28:01,0.08947,0,0,0,0,0,0
total,481,40,40,40,104.4,144.8,167.6,167.8,167.8,167.8,2023-12-25 17:28:02,0.08236,0,0,0,0,0,0
total,514,33,33,33,116.5,144.8,167.6,167.8,167.8,167.8,2023-12-25 17:28:03,0.07878,0,0,0,0,0,0
total,561,47,47,47,88.0,134.7,167.5,167.8,167.8,167.8,2023-12-25 17:28:04,0.07309,0,0,0,0,0,0
total,601,40,40,40,95.5,135.1,167.6,168.4,168.4,168.4,2023-12-25 17:28:05,0.06839,0,0,0,0,0,0
total,640,39,39,39,105.4,144.8,167.6,167.9,167.9,167.9,2023-12-25 17:28:06,0.06442,0,0,0,0,0,0
total,684,44,44,44,90.5,134.7,167.5,167.8,167.8,167.8,2023-12-25 17:28:07,0.06051,0,0,0,0,0,0
total,732,48,48,48,82.2,134.6,167.4,167.8,167.8,167.8,2023-12-25 17:28:08,0.05731,0,0,0,0,0,0
total,776,44,44,44,92.5,134.7,167.5,167.8,167.8,167.8,2023-12-25 17:28:09,0.05421,0,0,0,0,0,0
total,813,37,37,37,107.1,144.7,167.6,167.6,167.6,167.6,2023-12-25 17:28:10,0.05209,0,0,0,0,0,0
total,855,42,42,42,94.1,140.8,167.6,167.8,167.8,167.8,2023-12-25 17:28:11,0.04959,0,0,0,0,0,0
total,899,44,44,44,93.5,136.2,167.6,167.8,167.8,167.8,2023-12-25 17:28:12,0.04728,0,0,0,0,0,0
total,938,39,39,39,97.4,134.7,167.6,167.6,167.6,167.6,2023-12-25 17:28:13,0.04543,0,0,0,0,0,0
total,985,47,47,47,85.4,134.7,167.5,167.6,167.6,167.6,2023-12-25 17:28:14,0.04363,0,0,0,0,0,0
total,1033,48,48,48,84.7,134.6,167.6,167.9,167.9,167.9,2023-12-25 17:28:15,0.04204,0,0,0,0,0,0
total,1088,55,55,55,74.0,0.9,167.6,167.8,167.9,167.9,2023-12-25 17:28:16,0.04157,0,0,0,0,0,0
total,1131,43,43,43,88.2,134.6,167.4,167.5,167.5,167.5,2023-12-25 17:28:17,0.04002,0,0,0,0,0,0
total,1176,45,45,45,94.7,134.6,167.4,167.5,167.5,167.5,2023-12-25 17:28:18,0.03856,0,0,0,0,0,0
total,1213,37,37,37,101.7,144.6,167.5,167.6,167.6,167.6,2023-12-25 17:28:19,0.03767,0,0,0,0,0,0
total,1252,39,39,39,104.5,144.6,167.5,167.6,167.6,167.6,2023-12-25 17:28:20,0.03661,0,0,0,0,0,0
total,1309,57,57,57,71.8,1.7,167.4,167.6,167.8,167.8,2023-12-25 17:28:21,0.03669,0,0,0,0,0,0
total,1349,40,40,40,96.1,134.6,167.5,167.6,167.6,167.6,2023-12-25 17:28:22,0.03568,0,0,0,0,0,0
total,1389,40,40,40,100.8,143.1,167.5,167.6,167.6,167.6,2023-12-25 17:28:23,0.03471,0,0,0,0,0,0
total,1430,41,41,41,99.2,144.7,167.5,167.9,167.9,167.9,2023-12-25 17:28:24,0.03375,0,0,0,0,0,0
total,1477,47,47,47,83.3,134.5,167.4,167.6,167.6,167.6,2023-12-25 17:28:25,0.03282,0,0,0,0,0,0
total,1532,55,55,55,76.7,134.3,167.5,167.5,167.6,167.6,2023-12-25 17:28:26,0.03260,0,0,0,0,0,0
total,1564,32,32,32,119.4,144.7,167.5,167.6,167.6,167.6,2023-12-25 17:28:27,0.03268,0,0,0,0,0,0
total,1602,38,38,38,106.8,144.6,167.6,167.6,167.6,167.6,2023-12-25 17:28:28,0.03204,0,0,0,0,0,0
total,1646,44,44,44,93.4,134.6,167.5,167.5,167.5,167.5,2023-12-25 17:28:29,0.03121,0,0,0,0,0,0
total,1691,45,45,45,83.5,134.5,167.5,167.6,167.6,167.6,2023-12-25 17:28:30,0.03042,0,0,0,0,0,0
total,1730,39,39,39,106.1,144.6,167.5,167.6,167.6,167.6,2023-12-25 17:28:31,0.02981,0,0,0,0,0,0
total,1762,32,32,32,123.3,144.8,167.5,167.6,167.6,167.6,2023-12-25 17:28:32,0.02986,0,0,0,0,0,0
total,1813,51,51,51,80.8,134.6,167.5,167.5,167.6,167.6,2023-12-25 17:28:33,0.02940,0,0,0,0,0,0
total,1856,43,43,43,86.7,134.6,167.5,168.2,168.2,168.2,2023-12-25 17:28:34,0.02873,0,0,0,0,0,0
total,1900,44,44,44,98.7,134.6,167.5,167.5,167.5,167.5,2023-12-25 17:28:35,0.02808,0,0,0,0,0,0
total,1939,39,39,39,97.2,144.6,167.5,167.5,167.5,167.5,2023-12-25 17:28:36,0.02758,0,0,0,0,0,0
total,1988,49,49,49,82.8,134.6,167.4,167.4,167.4,167.4,2023-12-25 17:28:37,0.02709,0,0,0,0,0,0
total,2034,46,46,46,84.6,134.5,167.4,167.5,167.5,167.5,2023-12-25 17:28:38,0.02653,0,0,0,0,0,0
total,2072,38,38,38,110.6,144.7,167.5,167.6,167.6,167.6,2023-12-25 17:28:39,0.02615,0,0,0,0,0,0
total,2117,45,45,45,87.1,134.6,167.5,167.6,167.6,167.6,2023-12-25 17:28:40,0.02562,0,0,0,0,0,0
total,2154,37,37,37,105.1,144.6,167.5,167.6,167.6,167.6,2023-12-25 17:28:41,0.02532,0,0,0,0,0,0
total,2190,36,36,36,113.6,144.7,167.4,167.5,167.5,167.5,2023-12-25 17:28:42,0.02508,0,0,0,0,0,0
total,2227,37,37,37,107.0,144.7,167.5,167.6,167.6,167.6,2023-12-25 17:28:43,0.02478,0,0,0,0,0,0
total,2270,43,43,43,92.2,138.5,167.6,167.8,167.8,167.8,2023-12-25 17:28:44,0.02432,0,0,0,0,0,0
total,2307,37,37,37,113.1,144.7,167.5,167.6,167.6,167.6,2023-12-25 17:28:45,0.02404,0,0,0,0,0,0
total,2344,37,37,37,102.3,144.6,167.4,167.6,167.6,167.6,2023-12-25 17:28:46,0.02377,0,0,0,0,0,0
total,2388,44,44,44,92.1,144.6,167.5,167.5,167.5,167.5,2023-12-25 17:28:47,0.02335,0,0,0,0,0,0
total,2428,40,40,40,99.8,144.6,167.5,167.9,167.9,167.9,2023-12-25 17:28:48,0.02298,0,0,0,0,0,0
total,2467,39,39,39,101.9,144.6,167.5,167.6,167.6,167.6,2023-12-25 17:28:49,0.02266,0,0,0,0,0,0
total,2515,48,48,48,82.4,134.5,167.5,167.5,167.5,167.5,2023-12-25 17:28:50,0.02235,0,0,0,0,0,0
total,2564,49,49,49,84.9,134.5,167.8,171.3,171.3,171.3,2023-12-25 17:28:51,0.02208,0,0,0,0,0,0
total,2596,32,32,32,119.5,144.8,167.5,167.5,167.5,167.5,2023-12-25 17:28:52,0.02216,0,0,0,0,0,0
total,2654,58,58,58,71.3,0.6,167.4,167.5,167.8,167.8,2023-12-25 17:28:53,0.02247,0,0,0,0,0,0
total,2702,48,48,48,80.6,134.5,167.4,167.6,167.6,167.6,2023-12-25 17:28:54,0.02216,0,0,0,0,0,0
total,2742,40,40,40,103.2,144.6,167.4,167.5,167.5,167.5,2023-12-25 17:28:55,0.02186,0,0,0,0,0,0
total,2783,41,41,41,97.1,144.6,167.5,167.6,167.6,167.6,2023-12-25 17:28:56,0.02155,0,0,0,0,0,0
total,2823,40,40,40,99.8,144.6,167.5,167.5,167.5,167.5,2023-12-25 17:28:57,0.02126,0,0,0,0,0,0
total,2860,37,37,37,107.2,144.7,167.6,168.4,168.4,168.4,2023-12-25 17:28:58,0.02107,0,0,0,0,0,0
total,2904,44,44,44,92.7,134.5,167.4,167.5,167.5,167.5,2023-12-25 17:28:59,0.02076,0,0,0,0,0,0
total,2945,41,41,41,94.1,144.6,167.5,167.5,167.5,167.5,2023-12-25 17:29:00,0.02048,0,0,0,0,0,0
total,2987,42,42,42,98.0,144.6,167.4,167.5,167.5,167.5,2023-12-25 17:29:01,0.02019,0,0,0,0,0,0
total,3022,35,35,35,110.6,144.6,167.4,167.5,167.5,167.5,2023-12-25 17:29:02,0.02010,0,0,0,0,0,0
total,3059,37,37,37,108.2,144.7,167.5,167.6,167.6,167.6,2023-12-25 17:29:03,0.01993,0,0,0,0,0,0
total,3111,52,52,52,77.4,10.3,167.2,167.5,167.5,167.5,2023-12-25 17:29:04,0.01985,0,0,0,0,0,0
total,3145,34,34,34,120.1,144.6,167.5,167.5,167.5,167.5,2023-12-25 17:29:05,0.01981,0,0,0,0,0,0
total,3184,39,39,39,100.4,144.4,167.2,167.5,167.5,167.5,2023-12-25 17:29:06,0.01959,0,0,0,0,0,0
total,3221,37,37,37,111.5,144.7,167.5,167.6,167.6,167.6,2023-12-25 17:29:07,0.01943,0,0,0,0,0,0
total,3266,45,45,45,86.9,134.6,167.5,167.5,167.5,167.5,2023-12-25 17:29:08,0.01918,0,0,0,0,0,0
total,3311,45,45,45,88.5,134.6,167.5,167.5,167.5,167.5,2023-12-25 17:29:09,0.01894,0,0,0,0,0,0
total,3352,41,41,41,100.3,144.6,167.5,167.5,167.5,167.5,2023-12-25 17:29:10,0.01872,0,0,0,0,0,0
total,3397,45,45,45,85.5,134.5,167.4,167.5,167.5,167.5,2023-12-25 17:29:11,0.01849,0,0,0,0,0,0
total,3439,42,42,42,96.4,134.6,167.5,167.5,167.5,167.5,2023-12-25 17:29:12,0.01827,0,0,0,0,0,0
total,3481,42,42,42,92.8,134.5,167.5,167.6,167.6,167.6,2023-12-25 17:29:13,0.01805,0,0,0,0,0,0
total,3518,37,37,37,113.1,144.6,167.5,167.6,167.6,167.6,2023-12-25 17:29:14,0.01792,0,0,0,0,0,0
total,3556,38,38,38,99.9,144.4,167.4,167.5,167.5,167.5,2023-12-25 17:29:15,0.01776,0,0,0,0,0,0
total,3595,39,39,39,107.6,157.2,167.5,167.5,167.5,167.5,2023-12-25 17:29:16,0.01759,0,0,0,0,0,0
total,3645,50,50,50,80.9,134.3,167.4,167.5,167.5,167.5,2023-12-25 17:29:17,0.01748,0,0,0,0,0,0
total,3692,47,47,47,86.8,134.5,167.4,167.5,167.5,167.5,2023-12-25 17:29:18,0.01731,0,0,0,0,0,0
total,3742,50,50,50,78.2,134.3,167.4,167.5,167.5,167.5,2023-12-25 17:29:19,0.01721,0,0,0,0,0,0
total,3782,40,40,40,97.6,144.4,167.4,167.4,167.4,167.4,2023-12-25 17:29:20,0.01704,0,0,0,0,0,0
total,3821,39,39,39,101.7,144.6,167.4,167.4,167.4,167.4,2023-12-25 17:29:21,0.01689,0,0,0,0,0,0
total,3861,40,40,40,103.7,144.6,167.4,167.5,167.5,167.5,2023-12-25 17:29:22,0.01672,0,0,0,0,0,0
total,3899,38,38,38,97.2,134.5,167.5,168.0,168.0,168.0,2023-12-25 17:29:23,0.01659,0,0,0,0,0,0
total,3945,46,46,46,92.2,134.6,167.4,167.4,167.4,167.4,2023-12-25 17:29:24,0.01643,0,0,0,0,0,0
total,3981,36,36,36,109.6,144.6,167.5,172.1,172.1,172.1,2023-12-25 17:29:25,0.01635,0,0,0,0,0,0
total,4028,47,47,47,86.0,134.6,167.4,167.5,167.5,167.5,2023-12-25 17:29:26,0.01620,0,0,0,0,0,0
total,4078,50,50,50,81.4,134.5,167.4,167.5,167.5,167.5,2023-12-25 17:29:27,0.01612,0,0,0,0,0,0
total,4125,47,47,47,81.1,134.5,167.4,167.5,167.5,167.5,2023-12-25 17:29:28,0.01597,0,0,0,0,0,0
total,4163,38,38,38,108.5,144.7,167.5,167.5,167.5,167.5,2023-12-25 17:29:29,0.01586,0,0,0,0,0,0
total,4209,46,46,46,85.8,134.3,167.5,167.6,167.6,167.6,2023-12-25 17:29:30,0.01571,0,0,0,0,0,0
total,4257,48,48,48,82.5,134.5,167.5,171.6,171.6,171.6,2023-12-25 17:29:31,0.01560,0,0,0,0,0,0
total,4301,44,44,44,93.0,134.5,167.4,167.5,167.5,167.5,2023-12-25 17:29:32,0.01545,0,0,0,0,0,0
total,4344,43,43,43,91.8,134.5,167.4,167.5,167.5,167.5,2023-12-25 17:29:33,0.01529,0,0,0,0,0,0
total,4387,43,43,43,91.4,134.7,167.4,167.4,167.4,167.4,2023-12-25 17:29:34,0.01515,0,0,0,0,0,0
total,4426,39,39,39,104.0,144.6,167.5,167.5,167.5,167.5,2023-12-25 17:29:35,0.01503,0,0,0,0,0,0
total,4472,46,46,46,84.1,134.5,167.4,167.5,167.5,167.5,2023-12-25 17:29:36,0.01490,0,0,0,0,0,0
total,4517,45,45,45,93.6,134.5,167.4,167.5,167.5,167.5,2023-12-25 17:29:37,0.01476,0,0,0,0,0,0
total,4571,54,54,54,73.3,0.6,167.4,167.4,167.5,167.5,2023-12-25 17:29:38,0.01480,0,0,0,0,0,0
total,4621,50,50,50,76.1,0.6,167.4,167.5,167.5,167.5,2023-12-25 17:29:39,0.01473,0,0,0,0,0,0
total,4672,51,51,51,83.2,134.3,167.2,167.4,167.5,167.5,2023-12-25 17:29:40,0.01468,0,0,0,0,0,0
total,4711,39,39,39,101.6,144.6,167.4,167.5,167.5,167.5,2023-12-25 17:29:41,0.01458,0,0,0,0,0,0
total,4758,47,47,47,85.0,134.5,167.4,167.5,167.5,167.5,2023-12-25 17:29:42,0.01447,0,0,0,0,0,0
total,4793,35,35,35,115.8,144.6,167.4,167.5,167.5,167.5,2023-12-25 17:29:43,0.01445,0,0,0,0,0,0
total,4846,53,53,53,76.5,134.3,167.4,167.5,167.5,167.5,2023-12-25 17:29:44,0.01445,0,0,0,0,0,0
total,4883,37,37,37,108.8,144.6,167.4,168.2,168.2,168.2,2023-12-25 17:29:45,0.01439,0,0,0,0,0,0
total,4931,48,48,48,76.4,0.5,167.4,167.5,167.5,167.5,2023-12-25 17:29:46,0.01429,0,0,0,0,0,0
total,4978,47,47,47,87.9,134.5,167.4,167.5,167.5,167.5,2023-12-25 17:29:47,0.01418,0,0,0,0,0,0
total,5021,43,43,43,94.8,134.6,167.4,167.4,167.4,167.4,2023-12-25 17:29:48,0.01406,0,0,0,0,0,0
total,5060,39,39,39,101.1,144.4,167.4,167.5,167.5,167.5,2023-12-25 17:29:49,0.01397,0,0,0,0,0,0
total,5106,46,46,46,85.8,134.5,167.4,167.5,167.5,167.5,2023-12-25 17:29:50,0.01386,0,0,0,0,0,0
total,5145,39,39,39,102.6,144.6,167.4,167.6,167.6,167.6,2023-12-25 17:29:51,0.01377,0,0,0,0,0,0
total,5181,36,36,36,112.6,144.6,167.4,167.4,167.4,167.4,2023-12-25 17:29:52,0.01374,0,0,0,0,0,0
total,5229,48,48,48,82.1,134.3,167.4,167.4,167.4,167.4,2023-12-25 17:29:53,0.01365,0,0,0,0,0,0
total,5273,44,44,44,89.6,134.5,167.4,167.4,167.4,167.4,2023-12-25 17:29:54,0.01354,0,0,0,0,0,0
total,5317,44,44,44,95.4,134.5,167.4,167.4,167.4,167.4,2023-12-25 17:29:55,0.01343,0,0,0,0,0,0
total,5353,36,36,36,109.2,144.4,167.4,167.5,167.5,167.5,2023-12-25 17:29:56,0.01340,0,0,0,0,0,0
total,5389,36,36,36,106.8,144.6,167.4,167.5,167.5,167.5,2023-12-25 17:29:57,0.01336,0,0,0,0,0,0
total,5434,45,45,45,94.1,144.4,167.4,169.1,169.1,169.1,2023-12-25 17:29:58,0.01326,0,0,0,0,0,0
total,5477,43,43,43,89.9,134.5,167.4,167.5,167.5,167.5,2023-12-25 17:29:59,0.01316,0,0,0,0,0,0
total,5518,41,41,41,99.7,144.6,167.4,167.4,167.4,167.4,2023-12-25 17:30:00,0.01306,0,0,0,0,0,0
total,5559,41,41,41,95.6,144.4,167.4,167.6,167.6,167.6,2023-12-25 17:30:01,0.01297,0,0,0,0,0,0
total,5599,40,40,40,102.5,144.4,167.4,167.5,167.5,167.5,2023-12-25 17:30:02,0.01289,0,0,0,0,0,0
total,5632,33,33,33,120.3,157.2,167.4,167.4,167.4,167.4,2023-12-25 17:30:03,0.01292,0,0,0,0,0,0
total,5677,45,45,45,86.8,134.3,167.2,167.5,167.5,167.5,2023-12-25 17:30:04,0.01283,0,0,0,0,0,0
total,5719,42,42,42,94.1,134.6,167.4,167.4,167.4,167.4,2023-12-25 17:30:05,0.01273,0,0,0,0,0,0
total,5766,47,47,47,86.9,134.3,167.4,167.5,167.5,167.5,2023-12-25 17:30:06,0.01265,0,0,0,0,0,0
total,5808,42,42,42,96.9,134.5,167.2,167.4,167.4,167.4,2023-12-25 17:30:07,0.01256,0,0,0,0,0,0
total,5846,38,38,38,101.0,144.4,167.4,167.4,167.4,167.4,2023-12-25 17:30:08,0.01251,0,0,0,0,0,0
total,5895,49,49,49,82.7,134.3,167.2,168.6,168.6,168.6,2023-12-25 17:30:09,0.01245,0,0,0,0,0,0
total,5941,46,46,46,90.4,134.3,167.4,167.5,167.5,167.5,2023-12-25 17:30:10,0.01237,0,0,0,0,0,0
total,5985,44,44,44,88.6,134.5,167.2,167.4,167.4,167.4,2023-12-25 17:30:11,0.01228,0,0,0,0,0,0
total,6022,37,37,37,109.2,144.4,167.2,167.4,167.4,167.4,2023-12-25 17:30:12,0.01224,0,0,0,0,0,0
total,6071,49,49,49,76.6,134.3,167.2,167.4,167.4,167.4,2023-12-25 17:30:13,0.01219,0,0,0,0,0,0
total,6119,48,48,48,90.2,134.5,167.4,167.8,167.8,167.8,2023-12-25 17:30:14,0.01212,0,0,0,0,0,0
total,6157,38,38,38,100.2,144.4,167.2,167.4,167.4,167.4,2023-12-25 17:30:15,0.01207,0,0,0,0,0,0
total,6197,40,40,40,101.6,144.4,167.2,167.4,167.4,167.4,2023-12-25 17:30:16,0.01200,0,0,0,0,0,0
total,6239,42,42,42,94.5,134.5,167.2,167.4,167.4,167.4,2023-12-25 17:30:17,0.01192,0,0,0,0,0,0
total,6279,40,40,40,101.8,144.4,167.2,167.4,167.4,167.4,2023-12-25 17:30:18,0.01185,0,0,0,0,0,0
total,6323,44,44,44,89.3,134.5,167.2,167.4,167.4,167.4,2023-12-25 17:30:19,0.01177,0,0,0,0,0,0
total,6365,42,42,42,97.3,134.3,167.2,167.4,167.4,167.4,2023-12-25 17:30:20,0.01170,0,0,0,0,0,0
total,6408,43,43,43,89.9,144.4,167.2,167.9,167.9,167.9,2023-12-25 17:30:21,0.01162,0,0,0,0,0,0
total,6455,47,47,47,84.4,134.3,167.4,167.4,167.4,167.4,2023-12-25 17:30:22,0.01155,0,0,0,0,0,0
total,6493,38,38,38,109.4,144.4,167.2,167.4,167.4,167.4,2023-12-25 17:30:23,0.01151,0,0,0,0,0,0
total,6526,33,33,33,119.0,144.4,167.2,167.4,167.4,167.4,2023-12-25 17:30:24,0.01154,0,0,0,0,0,0
total,6570,44,44,44,93.9,134.3,167.2,167.2,167.2,167.2,2023-12-25 17:30:25,0.01147,0,0,0,0,0,0
total,6606,36,36,36,107.4,157.2,167.2,167.5,167.5,167.5,2023-12-25 17:30:26,0.01145,0,0,0,0,0,0
total,6645,39,39,39,99.6,144.4,167.2,167.4,167.4,167.4,2023-12-25 17:30:27,0.01139,0,0,0,0,0,0
total,6686,41,41,41,101.8,146.3,167.2,169.0,169.0,169.0,2023-12-25 17:30:28,0.01132,0,0,0,0,0,0
total,6728,42,42,42,93.3,134.3,167.2,167.2,167.2,167.2,2023-12-25 17:30:29,0.01125,0,0,0,0,0,0
total,6772,44,44,44,89.4,134.5,167.4,167.4,167.4,167.4,2023-12-25 17:30:30,0.01118,0,0,0,0,0,0
total,6817,45,45,45,91.4,134.3,167.2,167.2,167.2,167.2,2023-12-25 17:30:31,0.01112,0,0,0,0,0,0
total,6865,48,48,48,84.9,134.3,167.2,167.4,167.4,167.4,2023-12-25 17:30:32,0.01107,0,0,0,0,0,0
total,6908,43,43,43,95.2,143.9,167.2,167.4,167.4,167.4,2023-12-25 17:30:33,0.01100,0,0,0,0,0,0
total,6943,35,35,35,108.7,144.6,167.4,167.5,167.5,167.5,2023-12-25 17:30:34,0.01100,0,0,0,0,0,0
total,6990,47,47,47,87.0,134.3,167.2,167.4,167.4,167.4,2023-12-25 17:30:35,0.01094,0,0,0,0,0,0
total,7033,43,43,43,89.4,134.5,167.2,167.4,167.4,167.4,2023-12-25 17:30:36,0.01087,0,0,0,0,0,0
total,7070,37,37,37,113.6,144.4,167.2,167.4,167.4,167.4,2023-12-25 17:30:37,0.01085,0,0,0,0,0,0
total,7104,34,34,34,114.7,157.2,167.4,167.4,167.4,167.4,2023-12-25 17:30:38,0.01086,0,0,0,0,0,0
total,7142,38,38,38,102.5,144.4,167.4,167.4,167.4,167.4,2023-12-25 17:30:39,0.01082,0,0,0,0,0,0
total,7185,43,43,43,95.1,134.3,167.4,167.6,167.6,167.6,2023-12-25 17:30:40,0.01075,0,0,0,0,0,0
total,7226,41,41,41,100.3,134.5,167.4,167.4,167.4,167.4,2023-12-25 17:30:41,0.01069,0,0,0,0,0,0
total,7263,37,37,37,106.5,144.4,167.2,167.4,167.4,167.4,2023-12-25 17:30:42,0.01067,0,0,0,0,0,0
total,7310,47,47,47,83.7,134.3,167.4,167.5,167.5,167.5,2023-12-25 17:30:43,0.01062,0,0,0,0,0,0
total,7349,39,39,39,104.3,157.0,167.2,167.4,167.4,167.4,2023-12-25 17:30:44,0.01057,0,0,0,0,0,0
total,7388,39,39,39,99.1,144.6,167.2,167.4,167.4,167.4,2023-12-25 17:30:45,0.01052,0,0,0,0,0,0
total,7433,45,45,45,89.8,134.3,167.2,167.4,167.4,167.4,2023-12-25 17:30:46,0.01047,0,0,0,0,0,0
total,7474,41,41,41,99.6,144.4,167.4,167.4,167.4,167.4,2023-12-25 17:30:47,0.01041,0,0,0,0,0,0
total,7511,37,37,37,105.9,144.4,167.2,167.5,167.5,167.5,2023-12-25 17:30:48,0.01038,0,0,0,0,0,0
total,7556,45,45,45,88.9,134.3,167.2,167.4,167.4,167.4,2023-12-25 17:30:49,0.01033,0,0,0,0,0,0
total,7598,42,42,42,94.5,134.3,167.4,167.5,167.5,167.5,2023-12-25 17:30:50,0.01027,0,0,0,0,0,0
total,7636,38,38,38,103.6,144.4,167.2,167.2,167.2,167.2,2023-12-25 17:30:51,0.01024,0,0,0,0,0,0
total,7684,48,48,48,85.5,134.3,167.4,167.4,167.4,167.4,2023-12-25 17:30:52,0.01020,0,0,0,0,0,0
total,7731,47,47,47,86.2,134.3,167.2,167.4,167.4,167.4,2023-12-25 17:30:53,0.01015,0,0,0,0,0,0
total,7766,35,35,35,113.0,144.6,167.2,167.4,167.4,167.4,2023-12-25 17:30:54,0.01015,0,0,0,0,0,0
total,7817,51,51,51,80.8,134.3,167.2,167.2,167.4,167.4,2023-12-25 17:30:55,0.01015,0,0,0,0,0,0
total,7857,40,40,40,95.1,134.5,167.2,167.4,167.4,167.4,2023-12-25 17:30:56,0.01010,0,0,0,0,0,0
total,7901,44,44,44,92.8,134.3,167.2,167.4,167.4,167.4,2023-12-25 17:30:57,0.01005,0,0,0,0,0,0
total,7946,45,45,45,87.4,134.3,167.2,167.4,167.4,167.4,2023-12-25 17:30:58,0.00999,0,0,0,0,0,0
total,7995,49,49,49,83.7,134.3,167.2,167.4,167.4,167.4,2023-12-25 17:30:59,0.00997,0,0,0,0,0,0
total,8037,42,42,42,96.7,134.3,167.2,167.4,167.4,167.4,2023-12-25 17:31:00,0.00992,0,0,0,0,0,0
total,8080,43,43,43,92.8,144.4,167.2,167.4,167.4,167.4,2023-12-25 17:31:01,0.00986,0,0,0,0,0,0
total,8117,37,37,37,106.5,144.4,167.2,167.4,167.4,167.4,2023-12-25 17:31:02,0.00984,0,0,0,0,0,0
total,8147,30,30,30,131.6,157.2,167.2,167.4,167.4,167.4,2023-12-25 17:31:03,0.00992,0,0,0,0,0,0
total,8192,45,45,45,85.7,134.3,167.2,167.4,167.4,167.4,2023-12-25 17:31:04,0.00987,0,0,0,0,0,0
total,8237,45,45,45,91.6,134.3,167.4,167.4,167.4,167.4,2023-12-25 17:31:05,0.00982,0,0,0,0,0,0
total,8283,46,46,46,90.0,134.3,167.4,170.7,170.7,170.7,2023-12-25 17:31:06,0.00978,0,0,0,0,0,0
total,8315,32,32,32,120.4,157.2,167.4,167.4,167.4,167.4,2023-12-25 17:31:07,0.00982,0,0,0,0,0,0
total,8357,42,42,42,98.0,134.5,167.2,167.4,167.4,167.4,2023-12-25 17:31:08,0.00977,0,0,0,0,0,0
total,8396,39,39,39,96.1,134.5,167.2,167.5,167.5,167.5,2023-12-25 17:31:09,0.00973,0,0,0,0,0,0
total,8440,44,44,44,95.6,134.5,167.2,167.4,167.4,167.4,2023-12-25 17:31:10,0.00969,0,0,0,0,0,0
total,8482,42,42,42,94.1,134.9,167.2,167.4,167.4,167.4,2023-12-25 17:31:11,0.00964,0,0,0,0,0,0
total,8518,36,36,36,108.4,144.4,167.4,167.4,167.4,167.4,2023-12-25 17:31:12,0.00963,0,0,0,0,0,0
total,8558,40,40,40,101.5,144.4,167.4,167.4,167.4,167.4,2023-12-25 17:31:13,0.00958,0,0,0,0,0,0
total,8604,46,46,46,89.4,137.2,167.4,167.5,167.5,167.5,2023-12-25 17:31:14,0.00954,0,0,0,0,0,0
total,8639,35,35,35,112.5,144.4,167.2,167.4,167.4,167.4,2023-12-25 17:31:15,0.00954,0,0,0,0,0,0
total,8677,38,38,38,103.0,144.4,167.4,167.5,167.5,167.5,2023-12-25 17:31:16,0.00951,0,0,0,0,0,0
total,8715,38,38,38,107.8,144.4,167.2,167.4,167.4,167.4,2023-12-25 17:31:17,0.00948,0,0,0,0,0,0
total,8749,34,34,34,116.1,144.6,167.4,167.4,167.4,167.4,2023-12-25 17:31:18,0.00949,0,0,0,0,0,0
total,8788,39,39,39,104.8,144.4,167.2,167.4,167.4,167.4,2023-12-25 17:31:19,0.00946,0,0,0,0,0,0
total,8816,28,28,28,137.5,157.2,167.4,167.4,167.4,167.4,2023-12-25 17:31:20,0.00956,0,0,0,0,0,0
total,8860,44,44,44,93.4,134.3,167.2,167.4,167.4,167.4,2023-12-25 17:31:21,0.00952,0,0,0,0,0,0
total,8905,45,45,45,86.8,134.3,167.4,170.0,170.0,170.0,2023-12-25 17:31:22,0.00947,0,0,0,0,0,0
total,8956,51,51,51,81.6,134.3,167.2,167.4,167.4,167.4,2023-12-25 17:31:23,0.00947,0,0,0,0,0,0
total,8995,39,39,39,96.7,144.4,167.2,167.4,167.4,167.4,2023-12-25 17:31:24,0.00944,0,0,0,0,0,0
total,9039,44,44,44,94.5,144.4,167.2,167.4,167.4,167.4,2023-12-25 17:31:25,0.00939,0,0,0,0,0,0
total,9083,44,44,44,87.5,134.5,167.2,167.4,167.4,167.4,2023-12-25 17:31:26,0.00935,0,0,0,0,0,0
total,9129,46,46,46,88.8,134.3,167.4,167.4,167.4,167.4,2023-12-25 17:31:27,0.00931,0,0,0,0,0,0
total,9170,41,41,41,97.0,144.4,167.4,167.4,167.4,167.4,2023-12-25 17:31:28,0.00927,0,0,0,0,0,0
total,9220,50,50,50,82.7,134.3,167.4,167.4,167.4,167.4,2023-12-25 17:31:29,0.00926,0,0,0,0,0,0
total,9268,48,48,48,79.4,134.3,167.4,167.4,167.4,167.4,2023-12-25 17:31:30,0.00923,0,0,0,0,0,0
total,9322,54,54,54,78.4,134.3,167.2,167.4,167.4,167.4,2023-12-25 17:31:31,0.00927,0,0,0,0,0,0
total,9363,41,41,41,92.3,134.5,167.4,167.4,167.4,167.4,2023-12-25 17:31:32,0.00923,0,0,0,0,0,0
total,9410,47,47,47,86.2,134.3,167.4,167.4,167.4,167.4,2023-12-25 17:31:33,0.00920,0,0,0,0,0,0
total,9452,42,42,42,97.1,134.6,167.4,167.4,167.4,167.4,2023-12-25 17:31:34,0.00915,0,0,0,0,0,0
total,9487,35,35,35,113.1,144.4,167.2,167.5,167.5,167.5,2023-12-25 17:31:35,0.00915,0,0,0,0,0,0
total,9528,41,41,41,96.9,144.4,167.2,167.4,167.4,167.4,2023-12-25 17:31:36,0.00911,0,0,0,0,0,0
total,9568,40,40,40,100.6,134.5,167.2,167.4,167.4,167.4,2023-12-25 17:31:37,0.00908,0,0,0,0,0,0
total,9609,41,41,41,95.5,144.4,167.4,167.4,167.4,167.4,2023-12-25 17:31:38,0.00904,0,0,0,0,0,0
total,9654,45,45,45,92.3,144.4,167.4,167.4,167.4,167.4,2023-12-25 17:31:39,0.00900,0,0,0,0,0,0
total,9694,40,40,40,98.8,144.4,167.4,167.4,167.4,167.4,2023-12-25 17:31:40,0.00897,0,0,0,0,0,0
total,9728,34,34,34,120.7,144.6,167.4,167.4,167.4,167.4,2023-12-25 17:31:41,0.00898,0,0,0,0,0,0
total,9767,39,39,39,100.7,144.4,167.4,167.4,167.4,167.4,2023-12-25 17:31:42,0.00895,0,0,0,0,0,0
total,9806,39,39,39,101.7,144.4,167.2,167.4,167.4,167.4,2023-12-25 17:31:43,0.00892,0,0,0,0,0,0
total,9844,38,38,38,103.4,144.4,167.4,167.4,167.4,167.4,2023-12-25 17:31:44,0.00889,0,0,0,0,0,0
total,9887,43,43,43,95.6,144.4,167.4,167.4,167.4,167.4,2023-12-25 17:31:45,0.00886,0,0,0,0,0,0
total,9938,51,51,51,76.8,134.3,167.2,167.4,167.4,167.4,2023-12-25 17:31:46,0.00886,0,0,0,0,0,0
total,9978,40,40,40,100.3,134.5,167.2,167.4,167.4,167.4,2023-12-25 17:31:47,0.00882,0,0,0,0,0,0
total,10016,38,38,38,104.6,144.6,167.2,167.4,167.4,167.4,2023-12-25 17:31:48,0.00880,0,0,0,0,0,0
total,10058,42,42,42,93.9,134.3,167.4,169.2,169.2,169.2,2023-12-25 17:31:49,0.00876,0,0,0,0,0,0
total,10096,38,38,38,107.2,144.4,167.2,167.4,167.4,167.4,2023-12-25 17:31:50,0.00874,0,0,0,0,0,0
total,10135,39,39,39,104.7,144.4,167.2,167.4,167.4,167.4,2023-12-25 17:31:51,0.00871,0,0,0,0,0,0
total,10180,45,45,45,87.3,134.3,167.4,168.3,168.3,168.3,2023-12-25 17:31:52,0.00868,0,0,0,0,0,0
total,10226,46,46,46,91.7,134.5,167.4,167.4,167.4,167.4,2023-12-25 17:31:53,0.00865,0,0,0,0,0,0
total,10256,30,30,30,121.2,144.4,167.4,167.4,167.4,167.4,2023-12-25 17:31:54,0.00870,0,0,0,0,0,0
total,10297,41,41,41,102.9,144.4,167.2,167.4,167.4,167.4,2023-12-25 17:31:55,0.00867,0,0,0,0,0,0
total,10335,38,38,38,103.1,144.4,167.2,167.4,167.4,167.4,2023-12-25 17:31:56,0.00865,0,0,0,0,0,0
total,10382,47,47,47,84.5,134.3,167.2,172.4,172.4,172.4,2023-12-25 17:31:57,0.00862,0,0,0,0,0,0
total,10425,43,43,43,95.0,134.6,167.2,167.4,167.4,167.4,2023-12-25 17:31:58,0.00859,0,0,0,0,0,0
total,10463,38,38,38,109.4,144.4,167.2,167.2,167.2,167.2,2023-12-25 17:31:59,0.00856,0,0,0,0,0,0
total,10498,35,35,35,107.7,144.4,167.2,167.4,167.4,167.4,2023-12-25 17:32:00,0.00856,0,0,0,0,0,0
total,10533,35,35,35,112.9,144.6,167.2,167.4,167.4,167.4,2023-12-25 17:32:01,0.00856,0,0,0,0,0,0
total,10577,44,44,44,94.5,134.3,167.4,167.9,167.9,167.9,2023-12-25 17:32:02,0.00853,0,0,0,0,0,0
total,10629,52,52,52,77.7,134.2,167.2,167.4,167.4,167.4,2023-12-25 17:32:03,0.00853,0,0,0,0,0,0
total,10670,41,41,41,95.7,144.4,167.2,167.4,167.4,167.4,2023-12-25 17:32:04,0.00850,0,0,0,0,0,0
total,10730,60,60,60,65.6,0.4,167.2,167.2,167.4,167.4,2023-12-25 17:32:05,0.00862,0,0,0,0,0,0
total,10770,40,40,40,101.4,144.4,167.2,167.4,167.4,167.4,2023-12-25 17:32:06,0.00859,0,0,0,0,0,0
total,10806,36,36,36,107.1,144.4,167.2,167.4,167.4,167.4,2023-12-25 17:32:07,0.00858,0,0,0,0,0,0
total,10847,41,41,41,99.9,144.6,167.2,167.4,167.4,167.4,2023-12-25 17:32:08,0.00855,0,0,0,0,0,0
total,10887,40,40,40,98.8,134.3,167.2,167.2,167.2,167.2,2023-12-25 17:32:09,0.00852,0,0,0,0,0,0
total,10935,48,48,48,84.7,134.3,167.2,167.2,167.2,167.2,2023-12-25 17:32:10,0.00850,0,0,0,0,0,0
total,10983,48,48,48,81.4,134.3,167.2,167.4,167.4,167.4,2023-12-25 17:32:11,0.00848,0,0,0,0,0,0
total,11023,40,40,40,98.7,144.4,167.2,167.4,167.4,167.4,2023-12-25 17:32:12,0.00845,0,0,0,0,0,0
total,11063,40,40,40,102.4,144.4,167.4,167.4,167.4,167.4,2023-12-25 17:32:13,0.00842,0,0,0,0,0,0
total,11103,40,40,40,101.9,134.3,167.2,167.2,167.2,167.2,2023-12-25 17:32:14,0.00839,0,0,0,0,0,0
total,11143,40,40,40,95.1,144.4,167.4,167.4,167.4,167.4,2023-12-25 17:32:15,0.00836,0,0,0,0,0,0
total,11187,44,44,44,99.2,135.1,167.4,167.4,167.4,167.4,2023-12-25 17:32:16,0.00833,0,0,0,0,0,0
total,11238,51,51,51,73.1,0.4,157.7,167.2,167.4,167.4,2023-12-25 17:32:17,0.00833,0,0,0,0,0,0
total,11281,43,43,43,97.0,144.3,167.4,167.4,167.4,167.4,2023-12-25 17:32:18,0.00830,0,0,0,0,0,0
total,11321,40,40,40,96.0,144.4,167.2,167.4,167.4,167.4,2023-12-25 17:32:19,0.00827,0,0,0,0,0,0
total,11376,55,55,55,73.9,0.9,167.2,167.4,167.4,167.4,2023-12-25 17:32:20,0.00831,0,0,0,0,0,0
total,11427,51,51,51,77.1,134.3,167.2,167.4,168.4,168.4,2023-12-25 17:32:21,0.00831,0,0,0,0,0,0
total,11470,43,43,43,93.9,134.5,167.2,167.4,167.4,167.4,2023-12-25 17:32:22,0.00828,0,0,0,0,0,0
total,11517,47,47,47,83.7,134.3,167.4,167.4,167.4,167.4,2023-12-25 17:32:23,0.00825,0,0,0,0,0,0
total,11564,47,47,47,83.9,134.3,167.2,167.4,167.4,167.4,2023-12-25 17:32:24,0.00823,0,0,0,0,0,0
total,11605,41,41,41,103.2,144.4,167.4,167.4,167.4,167.4,2023-12-25 17:32:25,0.00820,0,0,0,0,0,0
total,11649,44,44,44,87.3,134.3,167.2,167.4,167.4,167.4,2023-12-25 17:32:26,0.00817,0,0,0,0,0,0
total,11690,41,41,41,103.3,144.4,167.4,167.4,167.4,167.4,2023-12-25 17:32:27,0.00815,0,0,0,0,0,0
total,11742,52,52,52,71.1,0.4,157.3,167.4,167.4,167.4,2023-12-25 17:32:28,0.00815,0,0,0,0,0,0
total,11786,44,44,44,94.6,134.3,167.4,167.4,167.4,167.4,2023-12-25 17:32:29,0.00812,0,0,0,0,0,0
total,11833,47,47,47,84.4,134.3,167.4,167.4,167.4,167.4,2023-12-25 17:32:30,0.00810,0,0,0,0,0,0
total,11871,38,38,38,105.8,144.6,167.4,167.4,167.4,167.4,2023-12-25 17:32:31,0.00808,0,0,0,0,0,0
total,11911,40,40,40,104.6,144.4,167.4,167.4,167.4,167.4,2023-12-25 17:32:32,0.00806,0,0,0,0,0,0
total,11974,63,63,63,59.7,0.3,167.4,167.4,167.5,167.5,2023-12-25 17:32:33,0.00820,0,0,0,0,0,0
total,12008,34,34,34,115.6,144.4,167.2,167.4,167.4,167.4,2023-12-25 17:32:34,0.00820,0,0,0,0,0,0
total,12058,50,50,50,84.3,134.3,167.4,167.4,167.4,167.4,2023-12-25 17:32:35,0.00819,0,0,0,0,0,0
total,12104,46,46,46,82.5,134.3,167.2,167.4,167.4,167.4,2023-12-25 17:32:36,0.00817,0,0,0,0,0,0
total,12148,44,44,44,92.6,134.3,167.2,167.4,167.4,167.4,2023-12-25 17:32:37,0.00814,0,0,0,0,0,0
total,12189,41,41,41,97.8,144.4,167.2,167.4,167.4,167.4,2023-12-25 17:32:38,0.00811,0,0,0,0,0,0
total,12234,45,45,45,88.1,134.3,167.2,167.4,167.4,167.4,2023-12-25 17:32:39,0.00809,0,0,0,0,0,0
total,12274,40,40,40,100.6,144.4,167.4,167.4,167.4,167.4,2023-12-25 17:32:40,0.00806,0,0,0,0,0,0
total,12318,44,44,44,87.8,134.3,167.4,167.4,167.4,167.4,2023-12-25 17:32:41,0.00804,0,0,0,0,0,0
total,12362,44,44,44,93.1,134.5,167.2,167.4,167.4,167.4,2023-12-25 17:32:42,0.00801,0,0,0,0,0,0
total,12408,46,46,46,89.1,134.3,167.4,168.0,168.0,168.0,2023-12-25 17:32:43,0.00798,0,0,0,0,0,0
total,12440,32,32,32,123.4,144.4,167.4,167.4,167.4,167.4,2023-12-25 17:32:44,0.00801,0,0,0,0,0,0
total,12478,38,38,38,107.4,144.4,167.4,167.4,167.4,167.4,2023-12-25 17:32:45,0.00799,0,0,0,0,0,0
total,12517,39,39,39,99.9,134.6,167.2,167.4,167.4,167.4,2023-12-25 17:32:46,0.00797,0,0,0,0,0,0
total,12563,46,46,46,90.8,134.3,167.4,167.4,167.4,167.4,2023-12-25 17:32:47,0.00795,0,0,0,0,0,0
total,12599,36,36,36,105.4,144.4,167.2,167.2,167.2,167.2,2023-12-25 17:32:48,0.00794,0,0,0,0,0,0
total,12637,38,38,38,103.1,144.4,167.4,167.4,167.4,167.4,2023-12-25 17:32:49,0.00792,0,0,0,0,0,0
total,12677,40,40,40,102.6,144.4,167.4,167.4,167.4,167.4,2023-12-25 17:32:50,0.00790,0,0,0,0,0,0
total,12717,40,40,40,102.2,144.4,167.4,167.4,167.4,167.4,2023-12-25 17:32:51,0.00788,0,0,0,0,0,0
total,12759,42,42,42,91.8,134.3,167.2,167.4,167.4,167.4,2023-12-25 17:32:52,0.00785,0,0,0,0,0,0
total,12810,51,51,51,81.8,134.3,167.2,167.4,167.4,167.4,2023-12-25 17:32:53,0.00785,0,0,0,0,0,0
total,12858,48,48,48,79.1,134.3,167.2,167.4,167.4,167.4,2023-12-25 17:32:54,0.00783,0,0,0,0,0,0
total,12913,55,55,55,73.7,0.4,167.2,167.2,167.4,167.4,2023-12-25 17:32:55,0.00786,0,0,0,0,0,0
total,12963,50,50,50,79.8,134.3,167.2,167.4,167.4,167.4,2023-12-25 17:32:56,0.00785,0,0,0,0,0,0
total,13003,40,40,40,103.9,144.4,167.4,167.4,167.4,167.4,2023-12-25 17:32:57,0.00783,0,0,0,0,0,0
total,13045,42,42,42,90.9,134.5,167.2,167.4,167.4,167.4,2023-12-25 17:32:58,0.00780,0,0,0,0,0,0
total,13092,47,47,47,86.4,134.3,167.4,167.6,167.6,167.6,2023-12-25 17:32:59,0.00778,0,0,0,0,0,0
total,13136,44,44,44,92.0,134.5,167.2,167.4,167.4,167.4,2023-12-25 17:33:00,0.00776,0,0,0,0,0,0
total,13178,42,42,42,92.1,134.5,167.4,167.5,167.5,167.5,2023-12-25 17:33:01,0.00773,0,0,0,0,0,0
total,13221,43,43,43,99.2,144.4,167.2,167.4,167.4,167.4,2023-12-25 17:33:02,0.00771,0,0,0,0,0,0
total,13267,46,46,46,85.7,134.3,167.4,167.4,167.4,167.4,2023-12-25 17:33:03,0.00769,0,0,0,0,0,0
total,13309,42,42,42,91.3,134.5,167.4,167.4,167.4,167.4,2023-12-25 17:33:04,0.00766,0,0,0,0,0,0
total,13360,51,51,51,82.8,134.3,167.4,167.4,168.3,168.3,2023-12-25 17:33:05,0.00766,0,0,0,0,0,0
total,13408,48,48,48,82.0,134.3,167.4,167.4,167.4,167.4,2023-12-25 17:33:06,0.00764,0,0,0,0,0,0
total,13451,43,43,43,89.9,134.5,167.4,167.4,167.4,167.4,2023-12-25 17:33:07,0.00762,0,0,0,0,0,0
total,13507,56,56,56,71.5,0.4,167.4,167.5,167.5,167.5,2023-12-25 17:33:08,0.00765,0,0,0,0,0,0
total,13555,48,48,48,83.3,134.3,167.2,167.4,167.4,167.4,2023-12-25 17:33:09,0.00764,0,0,0,0,0,0
total,13598,43,43,43,96.7,144.6,167.4,167.8,167.8,167.8,2023-12-25 17:33:10,0.00761,0,0,0,0,0,0
total,13635,37,37,37,104.6,144.4,167.4,167.4,167.4,167.4,2023-12-25 17:33:11,0.00760,0,0,0,0,0,0
total,13679,44,44,44,93.8,134.5,167.4,168.3,168.3,168.3,2023-12-25 17:33:12,0.00758,0,0,0,0,0,0
total,13718,39,39,39,97.9,144.4,167.4,167.4,167.4,167.4,2023-12-25 17:33:13,0.00756,0,0,0,0,0,0
total,13761,43,43,43,94.2,134.3,167.2,167.4,167.4,167.4,2023-12-25 17:33:14,0.00754,0,0,0,0,0,0
total,13801,40,40,40,102.4,144.4,167.4,167.5,167.5,167.5,2023-12-25 17:33:15,0.00752,0,0,0,0,0,0
total,13847,46,46,46,85.7,134.3,167.2,167.4,167.4,167.4,2023-12-25 17:33:16,0.00750,0,0,0,0,0,0
total,13892,45,45,45,90.9,134.6,167.4,167.5,167.5,167.5,2023-12-25 17:33:17,0.00748,0,0,0,0,0,0
total,13936,44,44,44,86.5,134.3,167.2,167.4,167.4,167.4,2023-12-25 17:33:18,0.00745,0,0,0,0,0,0
total,13980,44,44,44,94.0,134.3,167.2,167.5,167.5,167.5,2023-12-25 17:33:19,0.00743,0,0,0,0,0,0
total,14027,47,47,47,83.6,134.3,167.2,167.4,167.4,167.4,2023-12-25 17:33:20,0.00741,0,0,0,0,0,0
total,14071,44,44,44,88.0,134.3,167.4,167.4,167.4,167.4,2023-12-25 17:33:21,0.00739,0,0,0,0,0,0
total,14110,39,39,39,106.6,144.6,167.4,167.4,167.4,167.4,2023-12-25 17:33:22,0.00737,0,0,0,0,0,0
total,14150,40,40,40,98.9,134.5,157.3,167.5,167.5,167.5,2023-12-25 17:33:23,0.00736,0,0,0,0,0,0
total,14186,36,36,36,109.1,144.6,167.4,167.5,167.5,167.5,2023-12-25 17:33:24,0.00735,0,0,0,0,0,0
total,14233,47,47,47,88.5,134.3,167.4,167.4,167.4,167.4,2023-12-25 17:33:25,0.00733,0,0,0,0,0,0
total,14271,38,38,38,105.6,144.4,167.2,167.4,167.4,167.4,2023-12-25 17:33:26,0.00732,0,0,0,0,0,0
total,14316,45,45,45,88.4,134.5,167.4,167.4,167.4,167.4,2023-12-25 17:33:27,0.00730,0,0,0,0,0,0
total,14356,40,40,40,98.8,144.4,167.4,167.5,167.5,167.5,2023-12-25 17:33:28,0.00728,0,0,0,0,0,0
total,14395,39,39,39,97.1,134.3,167.4,167.4,167.4,167.4,2023-12-25 17:33:29,0.00727,0,0,0,0,0,0
total,14446,51,51,51,80.4,134.3,167.2,167.4,167.5,167.5,2023-12-25 17:33:30,0.00726,0,0,0,0,0,0
total,14488,42,42,42,95.3,134.3,167.4,182.2,182.2,182.2,2023-12-25 17:33:31,0.00724,0,0,0,0,0,0
total,14528,40,40,40,105.4,144.4,167.4,167.5,167.5,167.5,2023-12-25 17:33:32,0.00723,0,0,0,0,0,0
total,14566,38,38,38,100.2,134.6,167.4,167.5,167.5,167.5,2023-12-25 17:33:33,0.00721,0,0,0,0,0,0
total,14612,46,46,46,89.4,134.3,167.4,167.4,167.4,167.4,2023-12-25 17:33:34,0.00719,0,0,0,0,0,0
total,14650,38,38,38,101.9,144.4,167.4,168.6,168.6,168.6,2023-12-25 17:33:35,0.00718,0,0,0,0,0,0
total,14688,38,38,38,104.3,144.4,167.2,167.4,167.4,167.4,2023-12-25 17:33:36,0.00717,0,0,0,0,0,0
total,14737,49,49,49,83.3,134.3,167.2,167.4,167.4,167.4,2023-12-25 17:33:37,0.00716,0,0,0,0,0,0
total,14778,41,41,41,100.5,144.4,167.2,167.2,167.2,167.2,2023-12-25 17:33:38,0.00714,0,0,0,0,0,0
total,14819,41,41,41,95.3,134.5,167.2,167.4,167.4,167.4,2023-12-25 17:33:39,0.00712,0,0,0,0,0,0
total,14858,39,39,39,101.4,144.6,167.2,167.2,167.2,167.2,2023-12-25 17:33:40,0.00711,0,0,0,0,0,0
total,14906,48,48,48,86.4,134.3,167.4,167.4,167.4,167.4,2023-12-25 17:33:41,0.00709,0,0,0,0,0,0
total,14947,41,41,41,92.3,134.5,167.4,167.8,167.8,167.8,2023-12-25 17:33:42,0.00708,0,0,0,0,0,0
total,14987,40,40,40,105.8,144.4,167.4,167.5,167.5,167.5,2023-12-25 17:33:43,0.00706,0,0,0,0,0,0
total,15025,38,38,38,103.3,144.4,167.2,167.5,167.5,167.5,2023-12-25 17:33:44,0.00705,0,0,0,0,0,0
total,15070,45,45,45,87.3,134.5,167.2,167.5,167.5,167.5,2023-12-25 17:33:45,0.00703,0,0,0,0,0,0
total,15105,35,35,35,115.6,144.4,167.4,167.4,167.4,167.4,2023-12-25 17:33:46,0.00703,0,0,0,0,0,0
total,15140,35,35,35,111.9,144.4,167.2,167.4,167.4,167.4,2023-12-25 17:33:47,0.00703,0,0,0,0,0,0
total,15187,47,47,47,87.2,134.5,167.2,167.4,167.4,167.4,2023-12-25 17:33:48,0.00701,0,0,0,0,0,0
total,15225,38,38,38,103.7,144.4,167.4,167.5,167.5,167.5,2023-12-25 17:33:49,0.00700,0,0,0,0,0,0
total,15264,39,39,39,102.8,144.6,167.4,167.4,167.4,167.4,2023-12-25 17:33:50,0.00699,0,0,0,0,0,0
total,15307,43,43,43,94.4,144.4,167.4,167.4,167.4,167.4,2023-12-25 17:33:51,0.00697,0,0,0,0,0,0
total,15348,41,41,41,99.1,144.4,167.4,167.5,167.5,167.5,2023-12-25 17:33:52,0.00695,0,0,0,0,0,0
total,15383,35,35,35,108.7,144.6,167.4,167.5,167.5,167.5,2023-12-25 17:33:53,0.00695,0,0,0,0,0,0
total,15431,48,48,48,87.4,134.3,167.4,167.4,167.4,167.4,2023-12-25 17:33:54,0.00694,0,0,0,0,0,0
total,15471,40,40,40,100.1,134.3,167.4,167.4,167.4,167.4,2023-12-25 17:33:55,0.00692,0,0,0,0,0,0
total,15508,37,37,37,104.1,144.4,167.4,167.4,167.4,167.4,2023-12-25 17:33:56,0.00692,0,0,0,0,0,0
total,15548,40,40,40,103.0,144.4,167.2,167.5,167.5,167.5,2023-12-25 17:33:57,0.00690,0,0,0,0,0,0
total,15581,33,33,33,114.5,144.6,167.4,167.5,167.5,167.5,2023-12-25 17:33:58,0.00691,0,0,0,0,0,0
total,15615,34,34,34,121.8,157.0,167.4,167.4,167.4,167.4,2023-12-25 17:33:59,0.00692,0,0,0,0,0,0
total,15672,57,57,57,69.9,0.4,167.2,167.4,167.4,167.4,2023-12-25 17:34:00,0.00696,0,0,0,0,0,0
total,15717,45,45,45,87.8,135.0,167.4,167.4,167.4,167.4,2023-12-25 17:34:01,0.00694,0,0,0,0,0,0
total,15757,40,40,40,106.4,144.4,167.4,167.4,167.4,167.4,2023-12-25 17:34:02,0.00692,0,0,0,0,0,0
total,15805,48,48,48,78.4,134.2,167.4,167.4,167.4,167.4,2023-12-25 17:34:03,0.00691,0,0,0,0,0,0
total,15851,46,46,46,87.2,134.5,167.4,167.4,167.4,167.4,2023-12-25 17:34:04,0.00689,0,0,0,0,0,0
total,15895,44,44,44,93.1,134.5,167.2,167.4,167.4,167.4,2023-12-25 17:34:05,0.00688,0,0,0,0,0,0
total,15938,43,43,43,93.3,144.4,167.4,167.5,167.5,167.5,2023-12-25 17:34:06,0.00686,0,0,0,0,0,0
total,15979,41,41,41,93.2,134.7,167.4,167.5,167.5,167.5,2023-12-25 17:34:07,0.00684,0,0,0,0,0,0
total,16020,41,41,41,100.2,144.4,167.2,167.2,167.2,167.2,2023-12-25 17:34:08,0.00682,0,0,0,0,0,0
total,16064,44,44,44,89.1,134.5,167.2,167.2,167.2,167.2,2023-12-25 17:34:09,0.00680,0,0,0,0,0,0
total,16106,42,42,42,97.5,144.4,167.2,167.4,167.4,167.4,2023-12-25 17:34:10,0.00679,0,0,0,0,0,0
total,16144,38,38,38,106.5,144.4,167.2,167.4,167.4,167.4,2023-12-25 17:34:11,0.00678,0,0,0,0,0,0
total,16186,42,42,42,95.9,135.0,167.2,167.4,167.4,167.4,2023-12-25 17:34:12,0.00676,0,0,0,0,0,0
total,16230,44,44,44,85.6,134.3,167.2,167.2,167.2,167.2,2023-12-25 17:34:13,0.00674,0,0,0,0,0,0
total,16273,43,43,43,95.0,144.4,167.2,167.4,167.4,167.4,2023-12-25 17:34:14,0.00672,0,0,0,0,0,0
total,16313,40,40,40,99.6,144.4,167.4,167.5,167.5,167.5,2023-12-25 17:34:15,0.00671,0,0,0,0,0,0
total,16353,40,40,40,101.2,144.4,167.4,167.4,167.4,167.4,2023-12-25 17:34:16,0.00669,0,0,0,0,0,0
total,16408,55,55,55,72.8,0.4,167.4,167.4,167.4,167.4,2023-12-25 17:34:17,0.00672,0,0,0,0,0,0
total,16445,37,37,37,108.0,144.6,167.4,167.4,167.4,167.4,2023-12-25 17:34:18,0.00671,0,0,0,0,0,0
total,16498,53,53,53,76.0,134.3,157.3,167.4,167.4,167.4,2023-12-25 17:34:19,0.00672,0,0,0,0,0,0
total,16538,40,40,40,96.7,144.4,167.4,167.4,167.4,167.4,2023-12-25 17:34:20,0.00670,0,0,0,0,0,0
total,16582,44,44,44,92.6,134.5,167.4,167.5,167.5,167.5,2023-12-25 17:34:21,0.00669,0,0,0,0,0,0
total,16631,49,49,49,86.4,134.3,167.4,167.4,167.4,167.4,2023-12-25 17:34:22,0.00668,0,0,0,0,0,0
total,16668,37,37,37,102.1,144.4,167.4,167.4,167.4,167.4,2023-12-25 17:34:23,0.00667,0,0,0,0,0,0
total,16722,54,54,54,76.7,0.8,167.2,167.4,168.0,168.0,2023-12-25 17:34:24,0.00669,0,0,0,0,0,0
total,16762,40,40,40,94.0,134.5,167.4,167.4,167.4,167.4,2023-12-25 17:34:25,0.00667,0,0,0,0,0,0
total,16807,45,45,45,91.3,134.5,167.4,167.4,167.4,167.4,2023-12-25 17:34:26,0.00665,0,0,0,0,0,0
total,16851,44,44,44,89.6,134.3,167.2,167.4,167.4,167.4,2023-12-25 17:34:27,0.00664,0,0,0,0,0,0
total,16895,44,44,44,92.3,134.3,167.2,167.4,167.4,167.4,2023-12-25 17:34:28,0.00662,0,0,0,0,0,0
total,16939,44,44,44,90.4,134.3,167.4,167.4,167.4,167.4,2023-12-25 17:34:29,0.00660,0,0,0,0,0,0
total,16988,49,49,49,84.7,134.5,167.4,167.4,167.4,167.4,2023-12-25 17:34:30,0.00660,0,0,0,0,0,0
total,17033,45,45,45,84.9,134.3,167.2,167.4,167.4,167.4,2023-12-25 17:34:31,0.00658,0,0,0,0,0,0
total,17071,38,38,38,106.2,144.4,167.4,167.5,167.5,167.5,2023-12-25 17:34:32,0.00657,0,0,0,0,0,0
total,17115,44,44,44,95.8,134.5,167.4,167.6,167.6,167.6,2023-12-25 17:34:33,0.00656,0,0,0,0,0,0
total,17162,47,47,47,83.2,134.3,167.4,167.4,167.4,167.4,2023-12-25 17:34:34,0.00654,0,0,0,0,0,0
total,17200,38,38,38,99.2,144.4,167.4,167.4,167.4,167.4,2023-12-25 17:34:35,0.00653,0,0,0,0,0,0
total,17237,37,37,37,110.7,144.6,167.4,167.5,167.5,167.5,2023-12-25 17:34:36,0.00653,0,0,0,0,0,0
total,17289,52,52,52,78.8,134.3,167.4,167.5,167.5,167.5,2023-12-25 17:34:37,0.00653,0,0,0,0,0,0
total,17332,43,43,43,91.7,134.5,167.2,167.4,167.4,167.4,2023-12-25 17:34:38,0.00651,0,0,0,0,0,0
total,17378,46,46,46,85.2,134.3,167.4,167.4,167.4,167.4,2023-12-25 17:34:39,0.00650,0,0,0,0,0,0
total,17422,44,44,44,92.6,134.3,167.2,167.4,167.4,167.4,2023-12-25 17:34:40,0.00648,0,0,0,0,0,0
total,17468,46,46,46,86.7,134.3,167.4,167.4,167.4,167.4,2023-12-25 17:34:41,0.00647,0,0,0,0,0,0
total,17506,38,38,38,105.6,144.7,167.4,167.4,167.4,167.4,2023-12-25 17:34:42,0.00646,0,0,0,0,0,0
total,17557,51,51,51,76.4,134.3,157.3,167.2,167.4,167.4,2023-12-25 17:34:43,0.00646,0,0,0,0,0,0
total,17590,33,33,33,122.1,157.2,167.4,167.4,167.4,167.4,2023-12-25 17:34:44,0.00647,0,0,0,0,0,0
total,17625,35,35,35,112.2,144.4,167.4,167.4,167.4,167.4,2023-12-25 17:34:45,0.00647,0,0,0,0,0,0
total,17667,42,42,42,97.8,144.4,167.4,167.4,167.4,167.4,2023-12-25 17:34:46,0.00646,0,0,0,0,0,0
total,17707,40,40,40,100.5,144.6,167.2,167.4,167.4,167.4,2023-12-25 17:34:47,0.00644,0,0,0,0,0,0
total,17759,52,52,52,80.2,134.3,167.2,167.4,167.4,167.4,2023-12-25 17:34:48,0.00645,0,0,0,0,0,0
total,17790,31,31,31,116.6,144.4,167.4,167.4,167.4,167.4,2023-12-25 17:34:49,0.00647,0,0,0,0,0,0
total,17835,45,45,45,93.5,134.3,167.4,167.4,167.4,167.4,2023-12-25 17:34:50,0.00645,0,0,0,0,0,0
total,17881,46,46,46,84.1,134.3,167.4,167.9,167.9,167.9,2023-12-25 17:34:51,0.00644,0,0,0,0,0,0
total,17934,53,53,53,76.4,0.4,167.2,167.4,167.4,167.4,2023-12-25 17:34:52,0.00645,0,0,0,0,0,0
total,17978,44,44,44,93.1,134.3,167.4,167.4,167.4,167.4,2023-12-25 17:34:53,0.00643,0,0,0,0,0,0
total,18016,38,38,38,101.2,144.6,167.2,167.4,167.4,167.4,2023-12-25 17:34:54,0.00642,0,0,0,0,0,0
total,18064,48,48,48,87.2,134.3,167.2,167.4,167.4,167.4,2023-12-25 17:34:55,0.00641,0,0,0,0,0,0
total,18116,52,52,52,78.2,134.2,167.2,167.4,167.4,167.4,2023-12-25 17:34:56,0.00642,0,0,0,0,0,0
total,18149,33,33,33,114.3,144.6,167.2,167.4,167.4,167.4,2023-12-25 17:34:57,0.00643,0,0,0,0,0,0
total,18192,43,43,43,94.9,144.4,167.2,167.5,167.5,167.5,2023-12-25 17:34:58,0.00641,0,0,0,0,0,0
total,18245,53,53,53,77.4,134.3,167.2,167.4,167.4,167.4,2023-12-25 17:34:59,0.00642,0,0,0,0,0,0
total,18287,42,42,42,90.1,134.3,167.2,167.4,167.4,167.4,2023-12-25 17:35:00,0.00640,0,0,0,0,0,0
total,18325,38,38,38,109.1,144.6,167.4,167.5,167.5,167.5,2023-12-25 17:35:01,0.00640,0,0,0,0,0,0
total,18364,39,39,39,103.3,144.6,167.2,167.4,167.4,167.4,2023-12-25 17:35:02,0.00638,0,0,0,0,0,0
total,18403,39,39,39,102.6,144.6,167.4,167.4,167.4,167.4,2023-12-25 17:35:03,0.00637,0,0,0,0,0,0
total,18437,34,34,34,120.5,144.6,167.4,167.4,167.4,167.4,2023-12-25 17:35:04,0.00638,0,0,0,0,0,0
total,18482,45,45,45,83.1,134.3,167.2,167.4,167.4,167.4,2023-12-25 17:35:05,0.00636,0,0,0,0,0,0
total,18523,41,41,41,101.2,144.6,167.4,167.4,167.4,167.4,2023-12-25 17:35:06,0.00635,0,0,0,0,0,0
total,18567,44,44,44,91.8,134.3,167.4,167.4,167.4,167.4,2023-12-25 17:35:07,0.00634,0,0,0,0,0,0
total,18610,43,43,43,94.5,134.5,167.4,167.5,167.5,167.5,2023-12-25 17:35:08,0.00632,0,0,0,0,0,0
total,18645,35,35,35,114.2,157.2,167.4,167.4,167.4,167.4,2023-12-25 17:35:09,0.00632,0,0,0,0,0,0
total,18688,43,43,43,91.6,134.7,167.4,167.4,167.4,167.4,2023-12-25 17:35:10,0.00631,0,0,0,0,0,0
total,18727,39,39,39,101.6,144.4,167.4,167.4,167.4,167.4,2023-12-25 17:35:11,0.00630,0,0,0,0,0,0
total,18765,38,38,38,103.1,144.4,167.2,167.4,167.4,167.4,2023-12-25 17:35:12,0.00629,0,0,0,0,0,0
total,18798,33,33,33,124.0,144.6,167.4,167.4,167.4,167.4,2023-12-25 17:35:13,0.00630,0,0,0,0,0,0
total,18838,40,40,40,98.6,144.4,167.2,167.2,167.2,167.2,2023-12-25 17:35:14,0.00629,0,0,0,0,0,0
total,18883,45,45,45,90.5,134.5,167.4,167.4,167.4,167.4,2023-12-25 17:35:15,0.00627,0,0,0,0,0,0
total,18928,45,45,45,85.8,134.3,167.2,167.4,167.4,167.4,2023-12-25 17:35:16,0.00626,0,0,0,0,0,0
total,18973,45,45,45,90.0,134.5,167.2,167.4,167.4,167.4,2023-12-25 17:35:17,0.00625,0,0,0,0,0,0
total,19010,37,37,37,106.7,144.4,167.4,167.4,167.4,167.4,2023-12-25 17:35:18,0.00624,0,0,0,0,0,0
total,19059,49,49,49,85.2,134.3,167.4,167.4,167.4,167.4,2023-12-25 17:35:19,0.00623,0,0,0,0,0,0
total,19098,39,39,39,99.8,144.4,167.2,167.4,167.4,167.4,2023-12-25 17:35:20,0.00622,0,0,0,0,0,0
total,19143,45,45,45,88.2,134.3,167.2,167.4,167.4,167.4,2023-12-25 17:35:21,0.00621,0,0,0,0,0,0
total,19189,46,46,46,88.6,134.3,167.4,167.4,167.4,167.4,2023-12-25 17:35:22,0.00620,0,0,0,0,0,0
total,19237,48,48,48,80.1,134.2,167.4,167.5,167.5,167.5,2023-12-25 17:35:23,0.00619,0,0,0,0,0,0
total,19277,40,40,40,101.6,134.5,167.2,167.4,167.4,167.4,2023-12-25 17:35:24,0.00618,0,0,0,0,0,0
total,19317,40,40,40,106.1,144.4,167.4,167.4,167.4,167.4,2023-12-25 17:35:25,0.00617,0,0,0,0,0,0
total,19357,40,40,40,95.4,144.4,167.4,167.4,167.4,167.4,2023-12-25 17:35:26,0.00616,0,0,0,0,0,0
total,19409,52,52,52,77.9,134.3,167.4,167.4,167.4,167.4,2023-12-25 17:35:27,0.00616,0,0,0,0,0,0
total,19445,36,36,36,107.3,144.4,167.4,167.4,167.4,167.4,2023-12-25 17:35:28,0.00616,0,0,0,0,0,0
total,19486,41,41,41,100.3,144.4,167.4,168.2,168.2,168.2,2023-12-25 17:35:29,0.00614,0,0,0,0,0,0
total,19529,43,43,43,90.1,144.4,167.2,167.2,167.2,167.2,2023-12-25 17:35:30,0.00613,0,0,0,0,0,0
total,19572,43,43,43,99.8,144.4,167.2,167.5,167.5,167.5,2023-12-25 17:35:31,0.00612,0,0,0,0,0,0
total,19615,43,43,43,84.8,134.3,167.2,167.4,167.4,167.4,2023-12-25 17:35:32,0.00610,0,0,0,0,0,0
total,19650,35,35,35,121.9,157.2,167.4,167.5,167.5,167.5,2023-12-25 17:35:33,0.00611,0,0,0,0,0,0
total,19686,36,36,36,108.9,144.4,167.4,167.5,167.5,167.5,2023-12-25 17:35:34,0.00610,0,0,0,0,0,0
total,19731,45,45,45,88.2,134.5,167.4,167.4,167.4,167.4,2023-12-25 17:35:35,0.00609,0,0,0,0,0,0
total,19776,45,45,45,91.1,134.3,167.4,167.5,167.5,167.5,2023-12-25 17:35:36,0.00608,0,0,0,0,0,0
total,19817,41,41,41,96.2,144.4,167.4,167.4,167.4,167.4,2023-12-25 17:35:37,0.00607,0,0,0,0,0,0
total,19859,42,42,42,96.2,134.3,167.4,167.5,167.5,167.5,2023-12-25 17:35:38,0.00605,0,0,0,0,0,0
total,19896,37,37,37,105.7,144.4,167.4,167.4,167.4,167.4,2023-12-25 17:35:39,0.00605,0,0,0,0,0,0
total,19932,36,36,36,107.3,144.4,167.4,167.4,167.4,167.4,2023-12-25 17:35:40,0.00605,0,0,0,0,0,0
total,19970,38,38,38,105.9,144.4,167.4,167.4,167.4,167.4,2023-12-25 17:35:41,0.00604,0,0,0,0,0,0
