time,avail
2023-12-25 21:11:55,13940.66
2023-12-25 21:11:54,13941.023
2023-12-25 21:11:53,13942.508
2023-12-25 21:11:52,13943.289
2023-12-25 21:11:51,13943.383
2023-12-25 21:11:50,13942.289
2023-12-25 21:11:49,13942.293
2023-12-25 21:11:48,13941.289
2023-12-25 21:11:47,13940.938
2023-12-25 21:11:46,13942.121
2023-12-25 21:11:45,13942.234
2023-12-25 21:11:44,13943.102
2023-12-25 21:11:43,13942.531
2023-12-25 21:11:42,13942.188
2023-12-25 21:11:41,13942.434
2023-12-25 21:11:40,13941.941
2023-12-25 21:11:39,13942.039
2023-12-25 21:11:38,13941.715
2023-12-25 21:11:37,13940.613
2023-12-25 21:11:36,13943.375
2023-12-25 21:11:35,13943.852
2023-12-25 21:11:34,13941.957
2023-12-25 21:11:33,13941.941
2023-12-25 21:11:32,13942.793
2023-12-25 21:11:31,13943.285
2023-12-25 21:11:30,13942.547
2023-12-25 21:11:29,13942.492
2023-12-25 21:11:28,13932.141
2023-12-25 21:11:27,13940.562
2023-12-25 21:11:26,13942.434
2023-12-25 21:11:25,13943.422
2023-12-25 21:11:24,13942.91
2023-12-25 21:11:23,13942.652
2023-12-25 21:11:22,13944.027
2023-12-25 21:11:21,13942.918
2023-12-25 21:11:20,13943.418
2023-12-25 21:11:19,13941.461
2023-12-25 21:11:18,13942.078
2023-12-25 21:11:17,13940.727
2023-12-25 21:11:16,13943.383
2023-12-25 21:11:15,13943.391
2023-12-25 21:11:14,13943.699
2023-12-25 21:11:13,13943.023
2023-12-25 21:11:12,13945.691
2023-12-25 21:11:11,13944.84
2023-12-25 21:11:10,13944.852
2023-12-25 21:11:09,13945.051
2023-12-25 21:11:08,13945.105
2023-12-25 21:11:07,13942.676
2023-12-25 21:11:06,13944.586
2023-12-25 21:11:05,13944.898
2023-12-25 21:11:04,13944.898
2023-12-25 21:11:03,13945.852
2023-12-25 21:11:02,13945.961
2023-12-25 21:11:01,13942.301
2023-12-25 21:11:00,13944.223
2023-12-25 21:10:59,13943.879
2023-12-25 21:10:58,13943.25
2023-12-25 21:10:57,13943.504
2023-12-25 21:10:56,13943
2023-12-25 21:10:55,13945.078
2023-12-25 21:10:54,13943.965
2023-12-25 21:10:53,13943.898
2023-12-25 21:10:52,13944.629
2023-12-25 21:10:51,13945.012
2023-12-25 21:10:50,13944.352
2023-12-25 21:10:49,13943.875
2023-12-25 21:10:48,13943.883
2023-12-25 21:10:47,13943.629
2023-12-25 21:10:46,13944.641
2023-12-25 21:10:45,13944.887
2023-12-25 21:10:44,13943.699
2023-12-25 21:10:43,13943.699
2023-12-25 21:10:42,13945.039
2023-12-25 21:10:41,13945.039
2023-12-25 21:10:40,13944.004
2023-12-25 21:10:39,13944.223
2023-12-25 21:10:38,13942.203
2023-12-25 21:10:37,13942.551
2023-12-25 21:10:36,13944.297
2023-12-25 21:10:35,13944.355
2023-12-25 21:10:34,13945.5
2023-12-25 21:10:33,13945.492
2023-12-25 21:10:32,13941.148
2023-12-25 21:10:31,13944.371
2023-12-25 21:10:30,13944.203
2023-12-25 21:10:29,13944.062
2023-12-25 21:10:28,13944.285
2023-12-25 21:10:27,13941.359
2023-12-25 21:10:26,13943.934
2023-12-25 21:10:25,13944.836
2023-12-25 21:10:24,13944.035
2023-12-25 21:10:23,13943.012
2023-12-25 21:10:22,13945.281
2023-12-25 21:10:21,13944.227
2023-12-25 21:10:20,13944.387
2023-12-25 21:10:19,13943.012
2023-12-25 21:10:18,13944.043
2023-12-25 21:10:17,13941.977
2023-12-25 21:10:16,13942.98
2023-12-25 21:10:15,13944.504
2023-12-25 21:10:14,13944.832
2023-12-25 21:10:13,13941.91
2023-12-25 21:10:12,13944.309
2023-12-25 21:10:11,13943.488
2023-12-25 21:10:10,13944.695
2023-12-25 21:10:09,13943.789
2023-12-25 21:10:08,13943.707
2023-12-25 21:10:07,13941.559
2023-12-25 21:10:06,13944.477
2023-12-25 21:10:05,13944.977
2023-12-25 21:10:04,13945.199
2023-12-25 21:10:03,13938.457
2023-12-25 21:10:02,13945.141
2023-12-25 21:10:01,13945.246
2023-12-25 21:10:00,13943.68
2023-12-25 21:09:59,13943.438
2023-12-25 21:09:58,13942.375
2023-12-25 21:09:57,13943.387
2023-12-25 21:09:56,13944.566
2023-12-25 21:09:55,13945.742
2023-12-25 21:09:54,13951.137
2023-12-25 21:09:53,13951.34
2023-12-25 21:09:52,13951.863
2023-12-25 21:09:51,13952.117
2023-12-25 21:09:50,13951.574
2023-12-25 21:09:49,13952.098
2023-12-25 21:09:48,13950.27
2023-12-25 21:09:47,13947.855
2023-12-25 21:09:46,13950.273
2023-12-25 21:09:45,13950.055
2023-12-25 21:09:44,13950.605
2023-12-25 21:09:43,13950.938
2023-12-25 21:09:42,13954.953
2023-12-25 21:09:41,13956.422
2023-12-25 21:09:40,13956.668
2023-12-25 21:09:39,13957.363
2023-12-25 21:09:38,13955.812
2023-12-25 21:09:37,13956.895
2023-12-25 21:09:36,13959.691
2023-12-25 21:09:35,13960.43
2023-12-25 21:09:34,13948.516
2023-12-25 21:09:33,13960.102
2023-12-25 21:09:32,13961.492
2023-12-25 21:09:31,13961.797
2023-12-25 21:09:30,13961.594
2023-12-25 21:09:29,13960.844
2023-12-25 21:09:28,13961.305
2023-12-25 21:09:27,13959.496
2023-12-25 21:09:26,13960.629
2023-12-25 21:09:25,13962.637
2023-12-25 21:09:24,13962.875
2023-12-25 21:09:23,13961.051
2023-12-25 21:09:22,13962.469
2023-12-25 21:09:21,13962.352
2023-12-25 21:09:20,13962.508
2023-12-25 21:09:19,13961.344
2023-12-25 21:09:18,13961.336
2023-12-25 21:09:17,13959.535
2023-12-25 21:09:16,13960.684
2023-12-25 21:09:15,13961.625
2023-12-25 21:09:14,13961.902
2023-12-25 21:09:13,13960.848
2023-12-25 21:09:12,13961.668
2023-12-25 21:09:11,13961.934
2023-12-25 21:09:10,13961.957
2023-12-25 21:09:09,13960.488
2023-12-25 21:09:08,13960.5
2023-12-25 21:09:07,13950.266
2023-12-25 21:09:06,13961.703
2023-12-25 21:09:05,13962.254
2023-12-25 21:09:04,13961.434
2023-12-25 21:09:03,13961.188
2023-12-25 21:09:02,13962.203
2023-12-25 21:09:01,13962.234
2023-12-25 21:09:00,13962.309
2023-12-25 21:08:59,13962.707
2023-12-25 21:08:58,13961.984
2023-12-25 21:08:57,13961.98
2023-12-25 21:08:56,13959.352
2023-12-25 21:08:55,13959.895
2023-12-25 21:08:54,13960.75
2023-12-25 21:08:53,13960.5
2023-12-25 21:08:52,13961.801
2023-12-25 21:08:51,13961.547
2023-12-25 21:08:50,13960.855
2023-12-25 21:08:49,13960.336
2023-12-25 21:08:48,13958.848
2023-12-25 21:08:47,13958.684
2023-12-25 21:08:46,13960.258
2023-12-25 21:08:45,13960.461
2023-12-25 21:08:44,13957.883
2023-12-25 21:08:43,13958.133
2023-12-25 21:08:42,13960.188
2023-12-25 21:08:41,13960.188
2023-12-25 21:08:40,13958.469
2023-12-25 21:08:39,13959.477
2023-12-25 21:08:38,13959.484
2023-12-25 21:08:37,13959.43
2023-12-25 21:08:36,13950.98
2023-12-25 21:08:35,13960.586
2023-12-25 21:08:34,13960.863
2023-12-25 21:08:33,13960.613
2023-12-25 21:08:32,13960.516
2023-12-25 21:08:31,13959.809
2023-12-25 21:08:30,13959.703
2023-12-25 21:08:29,13958.496
2023-12-25 21:08:28,13958.551
2023-12-25 21:08:27,13957.254
2023-12-25 21:08:26,13959.078
2023-12-25 21:08:25,13958.504
2023-12-25 21:08:24,13956.609
2023-12-25 21:08:23,13955.805
2023-12-25 21:08:22,13957.395
2023-12-25 21:08:21,13957.863
2023-12-25 21:08:20,13957.812
2023-12-25 21:08:19,13957.145
2023-12-25 21:08:18,13957.398
2023-12-25 21:08:17,13955.113
2023-12-25 21:08:16,13958.379
2023-12-25 21:08:15,13958.852
2023-12-25 21:08:14,13959.398
2023-12-25 21:08:13,13959.242
2023-12-25 21:08:12,13960.141
2023-12-25 21:08:11,13960.141
2023-12-25 21:08:10,13960.121
2023-12-25 21:08:09,13961.059
2023-12-25 21:08:08,13960.91
2023-12-25 21:08:07,13949.973
2023-12-25 21:08:06,13960.062
2023-12-25 21:08:05,13960.059
2023-12-25 21:08:04,13960.219
2023-12-25 21:08:03,13960.465
2023-12-25 21:08:02,13962.426
2023-12-25 21:08:01,13962.547
2023-12-25 21:08:00,13960.906
2023-12-25 21:07:59,13960.734
2023-12-25 21:07:58,13959.039
2023-12-25 21:07:57,13958.59
2023-12-25 21:07:56,13958.723
2023-12-25 21:07:55,13958.977
2023-12-25 21:07:54,13959.859
2023-12-25 21:07:53,13960.363
2023-12-25 21:07:52,13960.371
2023-12-25 21:07:51,13960.492
2023-12-25 21:07:50,13959.367
2023-12-25 21:07:49,13959.098
2023-12-25 21:07:48,13957.895
2023-12-25 21:07:47,13957.848
2023-12-25 21:07:46,13950.707
2023-12-25 21:07:45,13951.246
2023-12-25 21:07:44,13951.387
2023-12-25 21:07:43,13952.043
2023-12-25 21:07:42,13952.656
2023-12-25 21:07:41,13952.898
2023-12-25 21:07:40,13942.809
2023-12-25 21:07:39,13951.93
2023-12-25 21:07:38,13951.746
2023-12-25 21:07:37,13949.652
2023-12-25 21:07:36,13953.117
2023-12-25 21:07:35,13953.719
2023-12-25 21:07:34,13954.523
2023-12-25 21:07:33,13953.004
2023-12-25 21:07:32,13953.477
2023-12-25 21:07:31,13952.41
2023-12-25 21:07:30,13952.504
2023-12-25 21:07:29,13951.668
2023-12-25 21:07:28,13951.777
2023-12-25 21:07:27,13949.211
2023-12-25 21:07:26,13952.184
2023-12-25 21:07:25,13952.219
2023-12-25 21:07:24,13951.766
2023-12-25 21:07:23,13951.074
2023-12-25 21:07:22,13952.945
2023-12-25 21:07:21,13951.934
2023-12-25 21:07:20,13951.707
2023-12-25 21:07:19,13952.234
2023-12-25 21:07:18,13952.234
2023-12-25 21:07:17,13951.27
2023-12-25 21:07:16,13952.398
2023-12-25 21:07:15,13951.168
2023-12-25 21:07:14,13951.609
2023-12-25 21:07:13,13950.801
2023-12-25 21:07:12,13953.043
2023-12-25 21:07:11,13941.359
2023-12-25 21:07:10,13951.734
2023-12-25 21:07:09,13951.949
2023-12-25 21:07:08,13952.176
2023-12-25 21:07:07,13951.777
2023-12-25 21:07:06,13953.012
2023-12-25 21:07:05,13953.094
2023-12-25 21:07:04,13954.84
2023-12-25 21:07:03,13955.309
2023-12-25 21:07:02,13954.027
2023-12-25 21:07:01,13954.375
2023-12-25 21:07:00,13953.141
2023-12-25 21:06:59,13952.922
2023-12-25 21:06:58,13951.551
2023-12-25 21:06:57,13953.09
2023-12-25 21:06:56,13953.867
2023-12-25 21:06:55,13950.176
2023-12-25 21:06:54,13949.59
2023-12-25 21:06:53,13949.465
2023-12-25 21:06:52,13949.215
2023-12-25 21:06:51,13949.328
2023-12-25 21:06:50,13949.406
2023-12-25 21:06:49,13949.559
2023-12-25 21:06:48,13948.211
2023-12-25 21:06:47,13947.973
2023-12-25 21:06:46,13949.453
2023-12-25 21:06:45,13950.215
2023-12-25 21:06:44,13949.207
2023-12-25 21:06:43,13948.781
2023-12-25 21:06:42,13944.27
2023-12-25 21:06:41,13950.504
2023-12-25 21:06:40,13950.949
2023-12-25 21:06:39,13950.445
2023-12-25 21:06:38,13950.785
2023-12-25 21:06:37,13948.605
2023-12-25 21:06:36,13950.559
2023-12-25 21:06:35,13951.406
2023-12-25 21:06:34,13952.688
2023-12-25 21:06:33,13952
2023-12-25 21:06:32,13952.828
2023-12-25 21:06:31,13950.23
2023-12-25 21:06:30,13949.781
2023-12-25 21:06:29,13949.242
2023-12-25 21:06:28,13949.262
2023-12-25 21:06:27,13947.086
2023-12-25 21:06:26,13948.84
2023-12-25 21:06:25,13948.57
2023-12-25 21:06:24,13950.047
2023-12-25 21:06:23,13949.91
2023-12-25 21:06:22,13950.438
2023-12-25 21:06:21,13950.965
2023-12-25 21:06:20,13951.234
2023-12-25 21:06:19,13950.184
2023-12-25 21:06:18,13949.93
2023-12-25 21:06:17,13947.602
2023-12-25 21:06:16,13949.02
2023-12-25 21:06:15,13949.289
2023-12-25 21:06:14,13949.613
2023-12-25 21:06:13,13941.535
2023-12-25 21:06:12,13948.223
2023-12-25 21:06:11,13948.574
2023-12-25 21:06:10,13948.176
2023-12-25 21:06:09,13948.168
2023-12-25 21:06:08,13946.695
2023-12-25 21:06:07,13947.027
2023-12-25 21:06:06,13946.102
2023-12-25 21:06:05,13946.012
2023-12-25 21:06:04,13946.516
2023-12-25 21:06:03,13946.254
2023-12-25 21:06:02,13947.98
2023-12-25 21:06:01,13948.25
2023-12-25 21:06:00,13947.734
2023-12-25 21:05:59,13947.773
2023-12-25 21:05:58,13946.977
2023-12-25 21:05:57,13946.922
2023-12-25 21:05:56,13946.723
2023-12-25 21:05:55,13946.398
2023-12-25 21:05:54,13946.379
2023-12-25 21:05:53,13945.734
2023-12-25 21:05:52,13947.855
2023-12-25 21:05:51,13947.855
2023-12-25 21:05:50,13947.527
2023-12-25 21:05:49,13948.176
2023-12-25 21:05:48,13946.57
2023-12-25 21:05:47,13946.727
2023-12-25 21:05:46,13946.859
2023-12-25 21:05:45,13947.152
2023-12-25 21:05:44,13936.277
2023-12-25 21:05:43,13947.043
2023-12-25 21:05:42,13949.695
2023-12-25 21:05:41,13950.188
2023-12-25 21:05:40,13950.109
2023-12-25 21:05:39,13950.23
2023-12-25 21:05:38,13950.262
2023-12-25 21:05:37,13949.465
2023-12-25 21:05:36,13951.738
2023-12-25 21:05:35,13951.426
2023-12-25 21:05:34,13951.52
2023-12-25 21:05:33,13950.16
2023-12-25 21:05:32,13951.066
2023-12-25 21:05:31,13952.855
2023-12-25 21:05:30,13952.152
2023-12-25 21:05:29,13950.148
2023-12-25 21:05:28,13950.004
2023-12-25 21:05:27,13949.375
2023-12-25 21:05:26,13951.277
2023-12-25 21:05:25,13951.973
2023-12-25 21:05:24,13950.758
2023-12-25 21:05:23,13950.539
2023-12-25 21:05:22,13951.863
2023-12-25 21:05:21,13951.613
2023-12-25 21:05:20,13951.613
2023-12-25 21:05:19,13950.836
2023-12-25 21:05:18,13951.059
2023-12-25 21:05:17,13949.027
2023-12-25 21:05:16,13952.168
2023-12-25 21:05:15,13952.328
2023-12-25 21:05:14,13952
2023-12-25 21:05:13,13952.121
2023-12-25 21:05:12,13952.566
2023-12-25 21:05:11,13953.566
2023-12-25 21:05:10,13951.973
2023-12-25 21:05:09,13951.727
2023-12-25 21:05:08,13950.914
2023-12-25 21:05:07,13950.395
2023-12-25 21:05:06,13952.648
2023-12-25 21:05:05,13953.719
2023-12-25 21:05:04,13953.461
2023-12-25 21:05:03,13953.93
2023-12-25 21:05:02,13954.395
2023-12-25 21:05:01,13954.797
2023-12-25 21:05:00,13953.074
2023-12-25 21:04:59,13952.758
2023-12-25 21:04:58,13953.316
2023-12-25 21:04:57,13953.055
2023-12-25 21:04:56,13956.586
2023-12-25 21:04:55,13956.586
2023-12-25 21:04:54,13962.793
2023-12-25 21:04:53,13963.18
2023-12-25 21:04:52,13964.977
2023-12-25 21:04:51,13965.223
2023-12-25 21:04:50,13963.73
2023-12-25 21:04:49,13963.754
2023-12-25 21:04:48,13955.094
2023-12-25 21:04:47,13961.812
2023-12-25 21:04:46,13963.492
2023-12-25 21:04:45,13964.098
2023-12-25 21:04:44,13963.875
2023-12-25 21:04:43,13961.301
2023-12-25 21:04:42,13962.355
2023-12-25 21:04:41,13962.531
2023-12-25 21:04:40,13962.516
2023-12-25 21:04:39,13962.031
2023-12-25 21:04:38,13962.582
2023-12-25 21:04:37,13960.172
2023-12-25 21:04:36,13962.945
2023-12-25 21:04:35,13963.047
2023-12-25 21:04:34,13963.332
2023-12-25 21:04:33,13963.59
2023-12-25 21:04:32,13963.738
2023-12-25 21:04:31,13963.617
2023-12-25 21:04:30,13963.625
2023-12-25 21:04:29,13961.094
2023-12-25 21:04:28,13961.898
2023-12-25 21:04:27,13960.41
2023-12-25 21:04:26,13962.715
2023-12-25 21:04:25,13961.223
2023-12-25 21:04:24,13962.723
2023-12-25 21:04:23,13961.922
2023-12-25 21:04:22,13964.629
2023-12-25 21:04:21,13964.332
2023-12-25 21:04:20,13964.871
2023-12-25 21:04:19,13953.805
2023-12-25 21:04:18,13963.879
2023-12-25 21:04:17,13963.727
2023-12-25 21:04:16,13964.145
2023-12-25 21:04:15,13964.102
2023-12-25 21:04:14,13964.367
2023-12-25 21:04:13,13964.648
2023-12-25 21:04:12,13965.129
2023-12-25 21:04:11,13965.352
2023-12-25 21:04:10,13964.094
2023-12-25 21:04:09,13964.457
2023-12-25 21:04:08,13960.875
2023-12-25 21:04:07,13961.453
2023-12-25 21:04:06,13962.664
2023-12-25 21:04:05,13962.695
2023-12-25 21:04:04,13963.477
2023-12-25 21:04:03,13963.879
2023-12-25 21:04:02,13962.566
2023-12-25 21:04:01,13962.441
2023-12-25 21:04:00,13961.605
2023-12-25 21:03:59,13961.129
2023-12-25 21:03:58,13959.855
2023-12-25 21:03:57,13959.855
2023-12-25 21:03:56,13960.613
2023-12-25 21:03:55,13961.398
2023-12-25 21:03:54,13960.422
2023-12-25 21:03:53,13960.418
2023-12-25 21:03:52,13960.293
2023-12-25 21:03:51,13960.266
2023-12-25 21:03:50,13947.953
2023-12-25 21:03:49,13960.043
2023-12-25 21:03:48,13959.898
2023-12-25 21:03:47,13958.215
2023-12-25 21:03:46,13960.094
2023-12-25 21:03:45,13958.902
2023-12-25 21:03:44,13958.664
2023-12-25 21:03:43,13959.621
2023-12-25 21:03:42,13956.395
2023-12-25 21:03:41,13956.312
2023-12-25 21:03:40,13956.281
2023-12-25 21:03:39,13952.871
2023-12-25 21:03:38,13953.191
2023-12-25 21:03:37,13953.105
2023-12-25 21:03:36,13956.973
2023-12-25 21:03:35,13956.672
2023-12-25 21:03:34,13956.738
2023-12-25 21:03:33,13955.488
2023-12-25 21:03:32,13956.852
2023-12-25 21:03:31,13956.293
2023-12-25 21:03:30,13957.07
2023-12-25 21:03:29,13955.355
2023-12-25 21:03:28,13955.383
2023-12-25 21:03:27,13955.691
2023-12-25 21:03:26,13956.059
2023-12-25 21:03:25,13956.395
2023-12-25 21:03:24,13955.883
2023-12-25 21:03:23,13957.152
2023-12-25 21:03:22,13956.625
2023-12-25 21:03:21,13946.574
2023-12-25 21:03:20,13955.441
2023-12-25 21:03:19,13955.457
2023-12-25 21:03:18,13955.434
2023-12-25 21:03:17,13956.078
2023-12-25 21:03:16,13957.199
2023-12-25 21:03:15,13957.195
2023-12-25 21:03:14,13956.473
2023-12-25 21:03:13,13957.812
2023-12-25 21:03:12,13959.113
2023-12-25 21:03:11,13959.457
2023-12-25 21:03:10,13958.125
2023-12-25 21:03:09,13957.645
2023-12-25 21:03:08,13957.133
2023-12-25 21:03:07,13957.254
2023-12-25 21:03:06,13957.121
2023-12-25 21:03:05,13957.445
2023-12-25 21:03:04,13957.723
2023-12-25 21:03:03,13957.84
2023-12-25 21:03:02,13959.75
2023-12-25 21:03:01,13959.797
2023-12-25 21:03:00,13957.75
2023-12-25 21:02:59,13958.797
2023-12-25 21:02:58,13958.035
2023-12-25 21:02:57,13958.039
2023-12-25 21:02:56,13955.969
2023-12-25 21:02:55,13955.715
2023-12-25 21:02:54,13956.691
2023-12-25 21:02:53,13956.688
2023-12-25 21:02:52,13948.363
2023-12-25 21:02:51,13958.492
2023-12-25 21:02:50,13958.598
2023-12-25 21:02:49,13957.793
2023-12-25 21:02:48,13958.008
2023-12-25 21:02:47,13955.781
2023-12-25 21:02:46,13957.227
2023-12-25 21:02:45,13956.508
2023-12-25 21:02:44,13956.605
2023-12-25 21:02:43,13957.27
2023-12-25 21:02:42,13958.332
2023-12-25 21:02:41,13958.09
2023-12-25 21:02:40,13959.102
2023-12-25 21:02:39,13958.09
2023-12-25 21:02:38,13957.984
2023-12-25 21:02:37,13956.617
2023-12-25 21:02:36,13958.551
2023-12-25 21:02:35,13957.562
2023-12-25 21:02:34,13958.109
2023-12-25 21:02:33,13957.82
2023-12-25 21:02:32,13959.012
2023-12-25 21:02:31,13959.32
2023-12-25 21:02:30,13959.535
2023-12-25 21:02:29,13957.785
2023-12-25 21:02:28,13957.738
2023-12-25 21:02:27,13957.289
2023-12-25 21:02:26,13957.262
2023-12-25 21:02:25,13952.547
2023-12-25 21:02:24,13958.852
2023-12-25 21:02:23,13959.191
2023-12-25 21:02:22,13960.863
2023-12-25 21:02:21,13960.867
2023-12-25 21:02:20,13960.105
2023-12-25 21:02:19,13959.938
2023-12-25 21:02:18,13959.395
2023-12-25 21:02:17,13958.934
2023-12-25 21:02:16,13958.27
2023-12-25 21:02:15,13958.398
2023-12-25 21:02:14,13958.395
2023-12-25 21:02:13,13958.395
2023-12-25 21:02:12,13957.816
2023-12-25 21:02:11,13957.148
2023-12-25 21:02:10,13949.859
2023-12-25 21:02:09,13950.676
2023-12-25 21:02:08,13951.105
2023-12-25 21:02:07,13951.52
2023-12-25 21:02:06,13951.379
2023-12-25 21:02:05,13951.629
2023-12-25 21:02:04,13950.871
2023-12-25 21:02:03,13951.121
2023-12-25 21:02:02,13950.863
2023-12-25 21:02:01,13950.863
2023-12-25 21:02:00,13949.91
2023-12-25 21:01:59,13949.898
2023-12-25 21:01:58,13948.469
2023-12-25 21:01:57,13948.262
2023-12-25 21:01:56,13936.375
2023-12-25 21:01:55,13949.656
2023-12-25 21:01:54,13950.801
2023-12-25 21:01:53,13949.629
2023-12-25 21:01:52,13951.812
2023-12-25 21:01:51,13951.277
2023-12-25 21:01:50,13951.684
2023-12-25 21:01:49,13949.586
2023-12-25 21:01:48,13949.113
2023-12-25 21:01:47,13948.523
2023-12-25 21:01:46,13950.035
2023-12-25 21:01:45,13949.234
2023-12-25 21:01:44,13949.355
2023-12-25 21:01:43,13948.758
2023-12-25 21:01:42,13948.348
2023-12-25 21:01:41,13948.598
2023-12-25 21:01:40,13948.59
2023-12-25 21:01:39,13947.922
2023-12-25 21:01:38,13947.906
2023-12-25 21:01:37,13945.496
2023-12-25 21:01:36,13948.508
2023-12-25 21:01:35,13948.012
2023-12-25 21:01:34,13948.012
2023-12-25 21:01:33,13947.723
2023-12-25 21:01:32,13948.398
2023-12-25 21:01:31,13949.391
2023-12-25 21:01:30,13949.383
2023-12-25 21:01:29,13947.719
2023-12-25 21:01:28,13947.871
2023-12-25 21:01:27,13942.719
2023-12-25 21:01:26,13949.652
2023-12-25 21:01:25,13949.688
2023-12-25 21:01:24,13949.375
2023-12-25 21:01:23,13949.723
2023-12-25 21:01:22,13949.816
2023-12-25 21:01:21,13950.066
2023-12-25 21:01:20,13949.852
2023-12-25 21:01:19,13950.133
2023-12-25 21:01:18,13949.871
2023-12-25 21:01:17,13949.102
2023-12-25 21:01:16,13949.48
2023-12-25 21:01:15,13950.027
2023-12-25 21:01:14,13950.5
2023-12-25 21:01:13,13950.93
2023-12-25 21:01:12,13951.305
2023-12-25 21:01:11,13951.414
2023-12-25 21:01:10,13949.285
2023-12-25 21:01:09,13949.367
2023-12-25 21:01:08,13947.824
2023-12-25 21:01:07,13947.859
2023-12-25 21:01:06,13950.84
2023-12-25 21:01:05,13951.332
2023-12-25 21:01:04,13951.082
2023-12-25 21:01:03,13951.559
2023-12-25 21:01:02,13951.586
2023-12-25 21:01:01,13951.57
2023-12-25 21:01:00,13945.277
2023-12-25 21:00:59,13950.672
2023-12-25 21:00:58,13950.273
2023-12-25 21:00:57,13950.234
2023-12-25 21:00:56,13951.746
2023-12-25 21:00:55,13951.207
2023-12-25 21:00:54,13950.734
2023-12-25 21:00:53,13950.324
2023-12-25 21:00:52,13952.492
2023-12-25 21:00:51,13950.879
2023-12-25 21:00:50,13950.273
2023-12-25 21:00:49,13950.086
2023-12-25 21:00:48,13949.668
2023-12-25 21:00:47,13949.188
2023-12-25 21:00:46,13949.574
2023-12-25 21:00:45,13948.641
2023-12-25 21:00:44,13948.586
2023-12-25 21:00:43,13950.844
2023-12-25 21:00:42,13952.039
2023-12-25 21:00:41,13950.648
2023-12-25 21:00:40,13951.25
2023-12-25 21:00:39,13950.613
2023-12-25 21:00:38,13950.578
2023-12-25 21:00:37,13948.602
2023-12-25 21:00:36,13952.121
2023-12-25 21:00:35,13951.492
2023-12-25 21:00:34,13951.941
2023-12-25 21:00:33,13951.77
2023-12-25 21:00:32,13952.637
2023-12-25 21:00:31,13947.727
2023-12-25 21:00:30,13952.395
2023-12-25 21:00:29,13951.945
2023-12-25 21:00:28,13951.34
2023-12-25 21:00:27,13951.387
2023-12-25 21:00:26,13950.062
2023-12-25 21:00:25,13950.062
2023-12-25 21:00:24,13948.996
2023-12-25 21:00:23,13947.473
2023-12-25 21:00:22,13948.199
2023-12-25 21:00:21,13948.426
2023-12-25 21:00:20,13948.48
2023-12-25 21:00:19,13948.703
2023-12-25 21:00:18,13947.219
2023-12-25 21:00:17,13947.418
2023-12-25 21:00:16,13948.207
2023-12-25 21:00:15,13948.07
2023-12-25 21:00:14,13948.172
2023-12-25 21:00:13,13948.777
2023-12-25 21:00:12,13949.859
2023-12-25 21:00:11,13950.137
2023-12-25 21:00:10,13950.812
2023-12-25 21:00:09,13950.809
2023-12-25 21:00:08,13949.934
2023-12-25 21:00:07,13950.152
2023-12-25 21:00:06,13955.113
2023-12-25 21:00:05,13955.113
2023-12-25 21:00:04,13953.008
2023-12-25 21:00:03,13952.988
2023-12-25 21:00:02,13956.324
2023-12-25 21:00:01,13954.645
2023-12-25 21:00:00,13954.234
2023-12-25 20:59:59,13954.941
2023-12-25 20:59:58,13955.348
2023-12-25 20:59:57,13953.008
2023-12-25 20:59:56,13953.766
2023-12-25 20:59:55,13955.516
2023-12-25 20:59:54,13962.328
2023-12-25 20:59:53,13961.699
2023-12-25 20:59:52,13964.945
2023-12-25 20:59:51,13964.227
2023-12-25 20:59:50,13963.781
2023-12-25 20:59:49,13963.723
2023-12-25 20:59:48,13963.773
2023-12-25 20:59:47,13962.492
2023-12-25 20:59:46,13964.102
2023-12-25 20:59:45,13962.766
2023-12-25 20:59:44,13962.738
2023-12-25 20:59:43,13961.688
2023-12-25 20:59:42,13963.098
2023-12-25 20:59:41,13964.109
2023-12-25 20:59:40,13965.34
2023-12-25 20:59:39,13964.84
2023-12-25 20:59:38,13965.09
2023-12-25 20:59:37,13964.004
2023-12-25 20:59:36,13964.777
2023-12-25 20:59:35,13958.891
2023-12-25 20:59:34,13963.066
2023-12-25 20:59:33,13962.852
2023-12-25 20:59:32,13964.527
2023-12-25 20:59:31,13965.277
2023-12-25 20:59:30,13963.91
2023-12-25 20:59:29,13964.234
2023-12-25 20:59:28,13963.766
2023-12-25 20:59:27,13964.594
2023-12-25 20:59:26,13963.238
2023-12-25 20:59:25,13963.484
2023-12-25 20:59:24,13964.754
2023-12-25 20:59:23,13964.754
2023-12-25 20:59:22,13965.5
2023-12-25 20:59:21,13965.531
2023-12-25 20:59:20,13964.973
2023-12-25 20:59:19,13965.02
2023-12-25 20:59:18,13963.969
2023-12-25 20:59:17,13964.309
2023-12-25 20:59:16,13964.719
2023-12-25 20:59:15,13964.582
2023-12-25 20:59:14,13963.77
2023-12-25 20:59:13,13964.027
2023-12-25 20:59:12,13965.711
2023-12-25 20:59:11,13965.879
2023-12-25 20:59:10,13966.469
2023-12-25 20:59:09,13966.715
2023-12-25 20:59:08,13965.699
2023-12-25 20:59:07,13966.426
2023-12-25 20:59:06,13967.527
2023-12-25 20:59:05,13968.191
2023-12-25 20:59:04,13967.938
2023-12-25 20:59:03,13966.188
2023-12-25 20:59:02,13968.082
2023-12-25 20:59:01,13967.277
2023-12-25 20:59:00,13967.066
2023-12-25 20:58:59,13966.492
2023-12-25 20:58:58,13966.91
2023-12-25 20:58:57,13964.559
2023-12-25 20:58:56,13966.172
2023-12-25 20:58:55,13966.352
2023-12-25 20:58:54,13966.973
2023-12-25 20:58:53,13967.488
2023-12-25 20:58:52,13968.863
2023-12-25 20:58:51,13968.277
2023-12-25 20:58:50,13968.43
2023-12-25 20:58:49,13966.297
2023-12-25 20:58:48,13966.289
2023-12-25 20:58:47,13963.977
2023-12-25 20:58:46,13964.41
2023-12-25 20:58:45,13962.73
2023-12-25 20:58:44,13962.938
2023-12-25 20:58:43,13963.324
2023-12-25 20:58:42,13963.434
2023-12-25 20:58:41,13962.68
2023-12-25 20:58:40,13962.695
2023-12-25 20:58:39,13962.457
2023-12-25 20:58:38,13959.738
2023-12-25 20:58:37,13950.531
2023-12-25 20:58:36,13959.902
2023-12-25 20:58:35,13960.434
2023-12-25 20:58:34,13958.445
2023-12-25 20:58:33,13958.215
2023-12-25 20:58:32,13949.164
2023-12-25 20:58:31,13949.867
2023-12-25 20:58:30,13949.418
2023-12-25 20:58:29,13949.41
2023-12-25 20:58:28,13947.945
2023-12-25 20:58:27,13947.938
2023-12-25 20:58:26,13945.516
2023-12-25 20:58:25,13945.934
2023-12-25 20:58:24,13947.879
2023-12-25 20:58:23,13948.465
2023-12-25 20:58:22,13947.629
2023-12-25 20:58:21,13948.152
2023-12-25 20:58:20,13946.297
2023-12-25 20:58:19,13947.453
2023-12-25 20:58:18,13945.23
2023-12-25 20:58:17,13944.977
2023-12-25 20:58:16,13946.414
2023-12-25 20:58:15,13946.945
2023-12-25 20:58:14,13945.457
2023-12-25 20:58:13,13945.758
2023-12-25 20:58:12,13947.039
2023-12-25 20:58:11,13946.719
2023-12-25 20:58:10,13944.109
2023-12-25 20:58:09,13947.078
2023-12-25 20:58:08,13946.91
2023-12-25 20:58:07,13945.129
2023-12-25 20:58:06,13947.098
2023-12-25 20:58:05,13946.945
2023-12-25 20:58:04,13947.184
2023-12-25 20:58:03,13946.453
2023-12-25 20:58:02,13947.496
2023-12-25 20:58:01,13946.719
2023-12-25 20:58:00,13946.582
2023-12-25 20:57:59,13946.328
2023-12-25 20:57:58,13946.598
2023-12-25 20:57:57,13945.805
2023-12-25 20:57:56,13946.277
2023-12-25 20:57:55,13945.91
2023-12-25 20:57:54,13946.305
2023-12-25 20:57:53,13946.168
2023-12-25 20:57:52,13946.969
2023-12-25 20:57:51,13946.961
2023-12-25 20:57:50,13946.32
2023-12-25 20:57:49,13946.453
2023-12-25 20:57:48,13946.945
2023-12-25 20:57:47,13946.699
2023-12-25 20:57:46,13946.719
2023-12-25 20:57:45,13947.184
2023-12-25 20:57:44,13947.148
2023-12-25 20:57:43,13946.973
2023-12-25 20:57:42,13948.914
2023-12-25 20:57:41,13937.035
2023-12-25 20:57:40,13948.75
2023-12-25 20:57:39,13949.316
2023-12-25 20:57:38,13947.988
2023-12-25 20:57:37,13947.891
2023-12-25 20:57:36,13947.359
2023-12-25 20:57:35,13947.441
2023-12-25 20:57:34,13946.648
2023-12-25 20:57:33,13947.012
2023-12-25 20:57:32,13947.691
2023-12-25 20:57:31,13947.691
2023-12-25 20:57:30,13947.477
2023-12-25 20:57:29,13947.672
2023-12-25 20:57:28,13945.941
2023-12-25 20:57:27,13945.684
2023-12-25 20:57:26,13946.359
2023-12-25 20:57:25,13946.359
2023-12-25 20:57:24,13945.934
2023-12-25 20:57:23,13946.09
2023-12-25 20:57:22,13946.465
2023-12-25 20:57:21,13947.117
2023-12-25 20:57:20,13947.434
2023-12-25 20:57:19,13947.441
2023-12-25 20:57:18,13946.996
2023-12-25 20:57:17,13946.742
2023-12-25 20:57:16,13945.422
2023-12-25 20:57:15,13945.215
2023-12-25 20:57:14,13943.922
2023-12-25 20:57:13,13943.773
2023-12-25 20:57:12,13946.848
2023-12-25 20:57:11,13945.699
2023-12-25 20:57:10,13945.941
2023-12-25 20:57:09,13946.902
2023-12-25 20:57:08,13947.902
2023-12-25 20:57:07,13944.824
2023-12-25 20:57:06,13946.328
2023-12-25 20:57:05,13945.625
2023-12-25 20:57:04,13945.672
2023-12-25 20:57:03,13944.242
2023-12-25 20:57:02,13948.273
2023-12-25 20:57:01,13947.52
2023-12-25 20:57:00,13947.504
2023-12-25 20:56:59,13947.723
2023-12-25 20:56:58,13947.805
2023-12-25 20:56:57,13946.488
2023-12-25 20:56:56,13947.621
2023-12-25 20:56:55,13947.391
2023-12-25 20:56:54,13946.844
2023-12-25 20:56:53,13946.961
2023-12-25 20:56:52,13948.824
2023-12-25 20:56:51,13947.902
2023-12-25 20:56:50,13947.895
2023-12-25 20:56:49,13947.137
2023-12-25 20:56:48,13947.145
2023-12-25 20:56:47,13946.367
2023-12-25 20:56:46,13947.516
2023-12-25 20:56:45,13945.723
2023-12-25 20:56:44,13946.824
2023-12-25 20:56:43,13947.297
2023-12-25 20:56:42,13947.191
2023-12-25 20:56:41,13947.367
2023-12-25 20:56:40,13947.41
2023-12-25 20:56:39,13947.555
2023-12-25 20:56:38,13945.719
2023-12-25 20:56:37,13944.641
2023-12-25 20:56:36,13946.68
2023-12-25 20:56:35,13946.695
2023-12-25 20:56:34,13945.688
2023-12-25 20:56:33,13945.199
2023-12-25 20:56:32,13947.531
2023-12-25 20:56:31,13947.559
2023-12-25 20:56:30,13947.359
2023-12-25 20:56:29,13946.621
2023-12-25 20:56:28,13945.328
2023-12-25 20:56:27,13945.461
2023-12-25 20:56:26,13945.637
2023-12-25 20:56:25,13946.598
2023-12-25 20:56:24,13945.273
2023-12-25 20:56:23,13945.258
2023-12-25 20:56:22,13947.34
2023-12-25 20:56:21,13947.316
2023-12-25 20:56:20,13945.84
2023-12-25 20:56:19,13946.328
2023-12-25 20:56:18,13945.164
2023-12-25 20:56:17,13945.574
2023-12-25 20:56:16,13936.48
2023-12-25 20:56:15,13945.09
2023-12-25 20:56:14,13944.945
2023-12-25 20:56:13,13944.109
2023-12-25 20:56:12,13948.016
2023-12-25 20:56:11,13947.766
2023-12-25 20:56:10,13948.066
2023-12-25 20:56:09,13945.969
2023-12-25 20:56:08,13946.223
2023-12-25 20:56:07,13945.141
2023-12-25 20:56:06,13947.684
2023-12-25 20:56:05,13946.773
2023-12-25 20:56:04,13947.711
2023-12-25 20:56:03,13947.176
2023-12-25 20:56:02,13949.844
2023-12-25 20:56:01,13949.301
2023-12-25 20:56:00,13949.824
2023-12-25 20:55:59,13947.297
2023-12-25 20:55:58,13947.398
2023-12-25 20:55:57,13945.102
2023-12-25 20:55:56,13945.117
2023-12-25 20:55:55,13943.508
2023-12-25 20:55:54,13945.512
2023-12-25 20:55:53,13945.262
2023-12-25 20:55:52,13946
2023-12-25 20:55:51,13945.215
2023-12-25 20:55:50,13945.996
2023-12-25 20:55:49,13945.988
2023-12-25 20:55:48,13946
2023-12-25 20:55:47,13938.176
2023-12-25 20:55:46,13944.984
2023-12-25 20:55:45,13945.012
2023-12-25 20:55:44,13944.453
2023-12-25 20:55:43,13944.453
2023-12-25 20:55:42,13946.914
2023-12-25 20:55:41,13947.719
2023-12-25 20:55:40,13947.434
2023-12-25 20:55:39,13947.465
2023-12-25 20:55:38,13947.406
2023-12-25 20:55:37,13947.891
2023-12-25 20:55:36,13950.047
2023-12-25 20:55:35,13949.945
2023-12-25 20:55:34,13948.254
2023-12-25 20:55:33,13948.234
2023-12-25 20:55:32,13948.969
2023-12-25 20:55:31,13947.512
2023-12-25 20:55:30,13947.246
2023-12-25 20:55:29,13946.977
2023-12-25 20:55:28,13945.012
2023-12-25 20:55:27,13945.25
2023-12-25 20:55:26,13945.895
2023-12-25 20:55:25,13945.641
2023-12-25 20:55:24,13943.406
2023-12-25 20:55:23,13943.152
2023-12-25 20:55:22,13946.035
2023-12-25 20:55:21,13946.02
2023-12-25 20:55:20,13946.48
2023-12-25 20:55:19,13946.219
2023-12-25 20:55:18,13944.984
2023-12-25 20:55:17,13944.984
2023-12-25 20:55:16,13934.848
2023-12-25 20:55:15,13943.777
2023-12-25 20:55:14,13944.145
2023-12-25 20:55:13,13942.863
2023-12-25 20:55:12,13943.996
2023-12-25 20:55:11,13944.414
2023-12-25 20:55:10,13945.176
2023-12-25 20:55:09,13945.125
2023-12-25 20:55:08,13945.004
2023-12-25 20:55:07,13943.66
2023-12-25 20:55:06,13946.234
2023-12-25 20:55:05,13944.184
2023-12-25 20:55:04,13944.508
2023-12-25 20:55:03,13944.598
2023-12-25 20:55:02,13946.387
2023-12-25 20:55:01,13945.824
2023-12-25 20:55:00,13945.41
2023-12-25 20:54:59,13943.852
2023-12-25 20:54:58,13944.168
2023-12-25 20:54:57,13943.371
2023-12-25 20:54:56,13944.594
2023-12-25 20:54:55,13945.621
2023-12-25 20:54:54,13952.562
2023-12-25 20:54:53,13951.812
2023-12-25 20:54:52,13955.695
2023-12-25 20:54:51,13955.242
2023-12-25 20:54:50,13955.25
2023-12-25 20:54:49,13954.211
2023-12-25 20:54:48,13954.203
2023-12-25 20:54:47,13953.094
2023-12-25 20:54:46,13955.926
2023-12-25 20:54:45,13948
2023-12-25 20:54:44,13955.27
2023-12-25 20:54:43,13954.938
2023-12-25 20:54:42,13955.578
2023-12-25 20:54:41,13955.359
2023-12-25 20:54:40,13954.57
2023-12-25 20:54:39,13954.621
2023-12-25 20:54:38,13953.234
2023-12-25 20:54:37,13953.512
2023-12-25 20:54:36,13954.918
2023-12-25 20:54:35,13957.258
2023-12-25 20:54:34,13955.457
2023-12-25 20:54:33,13955.684
2023-12-25 20:54:32,13958.145
2023-12-25 20:54:31,13964.832
2023-12-25 20:54:30,13964.77
2023-12-25 20:54:29,13965.398
2023-12-25 20:54:28,13965.266
2023-12-25 20:54:27,13965.324
2023-12-25 20:54:26,13964.891
2023-12-25 20:54:25,13964.883
2023-12-25 20:54:24,13964.07
2023-12-25 20:54:23,13964.07
2023-12-25 20:54:22,13965.254
2023-12-25 20:54:21,13965.516
2023-12-25 20:54:20,13964.777
2023-12-25 20:54:19,13964.777
2023-12-25 20:54:18,13963.246
2023-12-25 20:54:17,13963.34
2023-12-25 20:54:16,13956.891
2023-12-25 20:54:15,13964.656
2023-12-25 20:54:14,13963.992
2023-12-25 20:54:13,13962.82
2023-12-25 20:54:12,13964.211
2023-12-25 20:54:11,13965.402
2023-12-25 20:54:10,13965.773
2023-12-25 20:54:09,13965.906
2023-12-25 20:54:08,13966.176
2023-12-25 20:54:07,13964.98
2023-12-25 20:54:06,13966.387
2023-12-25 20:54:05,13966.836
2023-12-25 20:54:04,13967.059
2023-12-25 20:54:03,13966.25
2023-12-25 20:54:02,13967.281
2023-12-25 20:54:01,13967.203
2023-12-25 20:54:00,13967.102
2023-12-25 20:53:59,13965.227
2023-12-25 20:53:58,13964.941
2023-12-25 20:53:57,13963.309
2023-12-25 20:53:56,13965
2023-12-25 20:53:55,13964.465
2023-12-25 20:53:54,13964.75
2023-12-25 20:53:53,13963.121
2023-12-25 20:53:52,13965.738
2023-12-25 20:53:51,13966.055
2023-12-25 20:53:50,13966.066
2023-12-25 20:53:49,13964.797
2023-12-25 20:53:48,13965.582
2023-12-25 20:53:47,13964.836
2023-12-25 20:53:46,13966.293
2023-12-25 20:53:45,13965.871
2023-12-25 20:53:44,13964.551
2023-12-25 20:53:43,13964.457
2023-12-25 20:53:42,13967.344
2023-12-25 20:53:41,13967.543
2023-12-25 20:53:40,13967.129
2023-12-25 20:53:39,13966.969
2023-12-25 20:53:38,13966.141
2023-12-25 20:53:37,13964.906
2023-12-25 20:53:36,13966.355
2023-12-25 20:53:35,13966.34
2023-12-25 20:53:34,13966.305
2023-12-25 20:53:33,13966.105
2023-12-25 20:53:32,13966.809
2023-12-25 20:53:31,13966.812
2023-12-25 20:53:30,13966.312
2023-12-25 20:53:29,13966.09
2023-12-25 20:53:28,13964.367
2023-12-25 20:53:27,13963.617
2023-12-25 20:53:26,13964.359
2023-12-25 20:53:25,13965.668
2023-12-25 20:53:24,13963.797
2023-12-25 20:53:23,13964.277
2023-12-25 20:53:22,13965.227
2023-12-25 20:53:21,13965.395
2023-12-25 20:53:20,13954.145
2023-12-25 20:53:19,13964.746
2023-12-25 20:53:18,13965.684
2023-12-25 20:53:17,13963.48
2023-12-25 20:53:16,13966.227
2023-12-25 20:53:15,13964.75
2023-12-25 20:53:14,13964.016
2023-12-25 20:53:13,13963.473
2023-12-25 20:53:12,13965.602
2023-12-25 20:53:11,13965.336
2023-12-25 20:53:10,13965.34
2023-12-25 20:53:09,13964.875
2023-12-25 20:53:08,13964.75
2023-12-25 20:53:07,13963.598
2023-12-25 20:53:06,13965.059
2023-12-25 20:53:05,13963.023
2023-12-25 20:53:04,13964.32
2023-12-25 20:53:03,13963.867
2023-12-25 20:53:02,13965.641
2023-12-25 20:53:01,13965.52
2023-12-25 20:53:00,13965.527
2023-12-25 20:52:59,13963.684
2023-12-25 20:52:58,13963.691
2023-12-25 20:52:57,13962.641
2023-12-25 20:52:56,13964.5
2023-12-25 20:52:55,13964.016
2023-12-25 20:52:54,13963.48
2023-12-25 20:52:53,13959.746
2023-12-25 20:52:52,13966.387
2023-12-25 20:52:51,13966.539
2023-12-25 20:52:50,13965.719
2023-12-25 20:52:49,13965.555
2023-12-25 20:52:48,13965.418
2023-12-25 20:52:47,13964.426
2023-12-25 20:52:46,13964.008
2023-12-25 20:52:45,13964.074
2023-12-25 20:52:44,13962.797
2023-12-25 20:52:43,13960.164
2023-12-25 20:52:42,13962.176
2023-12-25 20:52:41,13962.496
2023-12-25 20:52:40,13962.941
2023-12-25 20:52:39,13963.031
2023-12-25 20:52:38,13961.938
2023-12-25 20:52:37,13962.398
2023-12-25 20:52:36,13961.23
2023-12-25 20:52:35,13960.832
2023-12-25 20:52:34,13959.02
2023-12-25 20:52:33,13958.969
2023-12-25 20:52:32,13954.383
2023-12-25 20:52:31,13954.598
2023-12-25 20:52:30,13954.062
2023-12-25 20:52:29,13953.523
2023-12-25 20:52:28,13952.848
2023-12-25 20:52:27,13953.652
2023-12-25 20:52:26,13956.23
2023-12-25 20:52:25,13955.984
2023-12-25 20:52:24,13947.555
2023-12-25 20:52:23,13956.199
2023-12-25 20:52:22,13955.719
2023-12-25 20:52:21,13956.461
2023-12-25 20:52:20,13956.562
2023-12-25 20:52:19,13953.77
2023-12-25 20:52:18,13953.434
2023-12-25 20:52:17,13951.836
2023-12-25 20:52:16,13954.727
2023-12-25 20:52:15,13954.156
2023-12-25 20:52:14,13954.754
2023-12-25 20:52:13,13952.672
2023-12-25 20:52:12,13956.609
2023-12-25 20:52:11,13955.605
2023-12-25 20:52:10,13955.707
2023-12-25 20:52:09,13956.293
2023-12-25 20:52:08,13955.676
2023-12-25 20:52:07,13954.348
2023-12-25 20:52:06,13956.051
2023-12-25 20:52:05,13955.836
2023-12-25 20:52:04,13955.863
2023-12-25 20:52:03,13954.953
2023-12-25 20:52:02,13957.762
2023-12-25 20:52:01,13956.305
2023-12-25 20:52:00,13956.773
2023-12-25 20:51:59,13955.961
2023-12-25 20:51:58,13954.461
2023-12-25 20:51:57,13955.223
2023-12-25 20:51:56,13954.566
2023-12-25 20:51:55,13945.945
2023-12-25 20:51:54,13954.543
2023-12-25 20:51:53,13954.695
2023-12-25 20:51:52,13954.285
2023-12-25 20:51:51,13954.758
2023-12-25 20:51:50,13954.848
2023-12-25 20:51:49,13955.879
2023-12-25 20:51:48,13954.73
2023-12-25 20:51:47,13954.516
2023-12-25 20:51:46,13955.422
2023-12-25 20:51:45,13954.945
2023-12-25 20:51:44,13953.301
2023-12-25 20:51:43,13953.344
2023-12-25 20:51:42,13954.48
2023-12-25 20:51:41,13954.27
2023-12-25 20:51:40,13954.297
2023-12-25 20:51:39,13954.324
2023-12-25 20:51:38,13953.801
2023-12-25 20:51:37,13953.52
2023-12-25 20:51:36,13954.609
2023-12-25 20:51:35,13954.516
2023-12-25 20:51:34,13952.676
2023-12-25 20:51:33,13952.668
2023-12-25 20:51:32,13955.273
2023-12-25 20:51:31,13955.766
2023-12-25 20:51:30,13954.492
2023-12-25 20:51:29,13954.5
2023-12-25 20:51:28,13952.871
2023-12-25 20:51:27,13953.297
2023-12-25 20:51:26,13943.512
2023-12-25 20:51:25,13954.141
2023-12-25 20:51:24,13953.996
2023-12-25 20:51:23,13952.738
2023-12-25 20:51:22,13953.684
2023-12-25 20:51:21,13954.742
2023-12-25 20:51:20,13954.289
2023-12-25 20:51:19,13953.207
2023-12-25 20:51:18,13953.004
2023-12-25 20:51:17,13951.359
2023-12-25 20:51:16,13953.176
2023-12-25 20:51:15,13951.445
2023-12-25 20:51:14,13949.809
2023-12-25 20:51:13,13950.023
2023-12-25 20:51:12,13950.57
2023-12-25 20:51:11,13950.645
2023-12-25 20:51:10,13950.953
2023-12-25 20:51:09,13949.879
2023-12-25 20:51:08,13950.07
2023-12-25 20:51:07,13949.227
2023-12-25 20:51:06,13951.48
2023-12-25 20:51:05,13951.75
2023-12-25 20:51:04,13952.492
2023-12-25 20:51:03,13951.508
2023-12-25 20:51:02,13953.609
2023-12-25 20:51:01,13952.133
2023-12-25 20:51:00,13952.191
2023-12-25 20:50:59,13951.914
2023-12-25 20:50:58,13952.184
2023-12-25 20:50:57,13945.922
2023-12-25 20:50:56,13952.621
2023-12-25 20:50:55,13952.621
2023-12-25 20:50:54,13951.707
2023-12-25 20:50:53,13951.891
2023-12-25 20:50:52,13953.68
2023-12-25 20:50:51,13954.281
2023-12-25 20:50:50,13953.121
2023-12-25 20:50:49,13953.605
2023-12-25 20:50:48,13952.898
2023-12-25 20:50:47,13953.57
2023-12-25 20:50:46,13952.293
2023-12-25 20:50:45,13952.137
2023-12-25 20:50:44,13952.383
2023-12-25 20:50:43,13952.934
2023-12-25 20:50:42,13954.426
2023-12-25 20:50:41,13954.473
2023-12-25 20:50:40,13952.695
2023-12-25 20:50:39,13953.203
2023-12-25 20:50:38,13951.891
2023-12-25 20:50:37,13951.914
2023-12-25 20:50:36,13955.074
2023-12-25 20:50:35,13955.074
2023-12-25 20:50:34,13953.863
2023-12-25 20:50:33,13954.102
2023-12-25 20:50:32,13957.484
2023-12-25 20:50:31,13958
2023-12-25 20:50:30,13956.25
2023-12-25 20:50:29,13957.266
2023-12-25 20:50:28,13956.766
2023-12-25 20:50:27,13955.828
2023-12-25 20:50:26,13958.082
2023-12-25 20:50:25,13958.648
2023-12-25 20:50:24,13958.629
2023-12-25 20:50:23,13957.266
2023-12-25 20:50:22,13959.469
2023-12-25 20:50:21,13959.594
2023-12-25 20:50:20,13959.379
2023-12-25 20:50:19,13958.582
2023-12-25 20:50:18,13958.48
2023-12-25 20:50:17,13956.965
2023-12-25 20:50:16,13959.719
2023-12-25 20:50:15,13958.852
2023-12-25 20:50:14,13958.723
2023-12-25 20:50:13,13957.277
2023-12-25 20:50:12,13958.293
2023-12-25 20:50:11,13959.332
2023-12-25 20:50:10,13959.449
2023-12-25 20:50:09,13959.504
2023-12-25 20:50:08,13959.77
2023-12-25 20:50:07,13957.988
2023-12-25 20:50:06,13959.395
2023-12-25 20:50:05,13959.492
2023-12-25 20:50:04,13959.473
2023-12-25 20:50:03,13958.773
2023-12-25 20:50:02,13960.758
2023-12-25 20:50:01,13953.23
2023-12-25 20:50:00,13960.867
2023-12-25 20:49:59,13960.461
2023-12-25 20:49:58,13960.121
2023-12-25 20:49:57,13960.352
2023-12-25 20:49:56,13960.496
2023-12-25 20:49:55,13960.754
2023-12-25 20:49:54,13966.828
2023-12-25 20:49:53,13966.805
2023-12-25 20:49:52,13967.406
2023-12-25 20:49:51,13967.891
2023-12-25 20:49:50,13966.984
2023-12-25 20:49:49,13967.223
2023-12-25 20:49:48,13966.555
2023-12-25 20:49:47,13966.301
2023-12-25 20:49:46,13965.172
2023-12-25 20:49:45,13965.371
2023-12-25 20:49:44,13964.395
2023-12-25 20:49:43,13964.371
2023-12-25 20:49:42,13967.539
2023-12-25 20:49:41,13967.809
2023-12-25 20:49:40,13966.824
2023-12-25 20:49:39,13966.57
2023-12-25 20:49:38,13964.586
2023-12-25 20:49:37,13964.832
2023-12-25 20:49:36,13967.82
2023-12-25 20:49:35,13967.781
2023-12-25 20:49:34,13967.059
2023-12-25 20:49:33,13967.367
2023-12-25 20:49:32,13956.105
2023-12-25 20:49:31,13965.188
2023-12-25 20:49:30,13965.312
2023-12-25 20:49:29,13963.469
2023-12-25 20:49:28,13963.48
2023-12-25 20:49:27,13961.996
2023-12-25 20:49:26,13963.215
2023-12-25 20:49:25,13964.203
2023-12-25 20:49:24,13964.414
2023-12-25 20:49:23,13962.055
2023-12-25 20:49:22,13963.953
2023-12-25 20:49:21,13965.945
2023-12-25 20:49:20,13966.055
2023-12-25 20:49:19,13963.766
2023-12-25 20:49:18,13963.801
2023-12-25 20:49:17,13962.922
2023-12-25 20:49:16,13964.07
2023-12-25 20:49:15,13964.988
2023-12-25 20:49:14,13964.727
2023-12-25 20:49:13,13963.656
2023-12-25 20:49:12,13964.121
2023-12-25 20:49:11,13963.84
2023-12-25 20:49:10,13964.109
2023-12-25 20:49:09,13963.84
2023-12-25 20:49:08,13964.133
2023-12-25 20:49:07,13962.867
2023-12-25 20:49:06,13966.129
2023-12-25 20:49:05,13965.145
2023-12-25 20:49:04,13965.402
2023-12-25 20:49:03,13960.258
2023-12-25 20:49:02,13967.16
2023-12-25 20:49:01,13967.34
2023-12-25 20:49:00,13966.727
2023-12-25 20:48:59,13966.379
2023-12-25 20:48:58,13965.27
2023-12-25 20:48:57,13965.48
2023-12-25 20:48:56,13964.043
2023-12-25 20:48:55,13957.883
2023-12-25 20:48:54,13958.699
2023-12-25 20:48:53,13958.344
2023-12-25 20:48:52,13958.117
2023-12-25 20:48:51,13958.785
2023-12-25 20:48:50,13958.973
2023-12-25 20:48:49,13959.188
2023-12-25 20:48:48,13958.738
2023-12-25 20:48:47,13958.527
2023-12-25 20:48:46,13957.887
2023-12-25 20:48:45,13957.77
2023-12-25 20:48:44,13955.406
2023-12-25 20:48:43,13955.68
2023-12-25 20:48:42,13959.039
2023-12-25 20:48:41,13959.426
2023-12-25 20:48:40,13958.75
2023-12-25 20:48:39,13959.004
2023-12-25 20:48:38,13958.992
2023-12-25 20:48:37,13959.309
2023-12-25 20:48:36,13959.961
2023-12-25 20:48:35,13959.945
2023-12-25 20:48:34,13957.406
2023-12-25 20:48:33,13957.891
2023-12-25 20:48:32,13958.938
2023-12-25 20:48:31,13960.457
2023-12-25 20:48:30,13961.148
2023-12-25 20:48:29,13958.164
2023-12-25 20:48:28,13958.25
2023-12-25 20:48:27,13956.453
2023-12-25 20:48:26,13957.609
2023-12-25 20:48:25,13957.051
2023-12-25 20:48:24,13958.758
2023-12-25 20:48:23,13957.262
2023-12-25 20:48:22,13958.918
2023-12-25 20:48:21,13959.266
2023-12-25 20:48:20,13959.457
2023-12-25 20:48:19,13958.871
2023-12-25 20:48:18,13959.52
2023-12-25 20:48:17,13956.816
2023-12-25 20:48:16,13957.469
2023-12-25 20:48:15,13956.84
2023-12-25 20:48:14,13958.059
2023-12-25 20:48:13,13959.219
2023-12-25 20:48:12,13959.531
2023-12-25 20:48:11,13959.836
2023-12-25 20:48:10,13960.09
2023-12-25 20:48:09,13959.512
2023-12-25 20:48:08,13959.762
2023-12-25 20:48:07,13958.359
2023-12-25 20:48:06,13960.211
2023-12-25 20:48:05,13952.777
2023-12-25 20:48:04,13960.715
2023-12-25 20:48:03,13960.621
2023-12-25 20:48:02,13960.059
2023-12-25 20:48:01,13960.383
2023-12-25 20:48:00,13960.93
2023-12-25 20:47:59,13961.172
2023-12-25 20:47:58,13959.895
2023-12-25 20:47:57,13959.895
2023-12-25 20:47:56,13959.332
2023-12-25 20:47:55,13960.188
2023-12-25 20:47:54,13959.688
2023-12-25 20:47:53,13959.426
2023-12-25 20:47:52,13959.703
2023-12-25 20:47:51,13959.988
2023-12-25 20:47:50,13961.191
2023-12-25 20:47:49,13960.781
2023-12-25 20:47:48,13960.863
2023-12-25 20:47:47,13960.973
2023-12-25 20:47:46,13960.887
2023-12-25 20:47:45,13961.668
2023-12-25 20:47:44,13960.488
2023-12-25 20:47:43,13960.496
2023-12-25 20:47:42,13961.004
2023-12-25 20:47:41,13961.004
2023-12-25 20:47:40,13960.75
2023-12-25 20:47:39,13961.242
2023-12-25 20:47:38,13959.719
2023-12-25 20:47:37,13959.266
2023-12-25 20:47:36,13953.375
2023-12-25 20:47:35,13962.727
2023-12-25 20:47:34,13962.941
2023-12-25 20:47:33,13961.625
2023-12-25 20:47:32,13963.211
2023-12-25 20:47:31,13962.574
2023-12-25 20:47:30,13962.82
2023-12-25 20:47:29,13961.566
2023-12-25 20:47:28,13961.586
2023-12-25 20:47:27,13960.242
2023-12-25 20:47:26,13963.781
2023-12-25 20:47:25,13962.945
2023-12-25 20:47:24,13961.992
2023-12-25 20:47:23,13959.461
2023-12-25 20:47:22,13960.879
2023-12-25 20:47:21,13961.102
2023-12-25 20:47:20,13961.195
2023-12-25 20:47:19,13960.293
2023-12-25 20:47:18,13960.879
2023-12-25 20:47:17,13957.848
2023-12-25 20:47:16,13960.055
2023-12-25 20:47:15,13960.004
2023-12-25 20:47:14,13960.488
2023-12-25 20:47:13,13959.496
2023-12-25 20:47:12,13959.789
2023-12-25 20:47:11,13959.539
2023-12-25 20:47:10,13960.031
2023-12-25 20:47:09,13959.047
2023-12-25 20:47:08,13958.762
2023-12-25 20:47:07,13949.305
2023-12-25 20:47:06,13960.855
2023-12-25 20:47:05,13960.875
2023-12-25 20:47:04,13960.91
2023-12-25 20:47:03,13961.074
2023-12-25 20:47:02,13960.848
2023-12-25 20:47:01,13961.062
2023-12-25 20:47:00,13960.812
2023-12-25 20:46:59,13960.812
2023-12-25 20:46:58,13960.324
2023-12-25 20:46:57,13960.309
2023-12-25 20:46:56,13959.402
2023-12-25 20:46:55,13955.941
2023-12-25 20:46:54,13955.77
2023-12-25 20:46:53,13955.949
2023-12-25 20:46:52,13953.406
2023-12-25 20:46:51,13953.898
2023-12-25 20:46:50,13952.918
2023-12-25 20:46:49,13952.91
2023-12-25 20:46:48,13952.141
2023-12-25 20:46:47,13952.676
2023-12-25 20:46:46,13954.895
2023-12-25 20:46:45,13955.121
2023-12-25 20:46:44,13954.133
2023-12-25 20:46:43,13954.387
2023-12-25 20:46:42,13955.434
2023-12-25 20:46:41,13955.93
2023-12-25 20:46:40,13950.715
2023-12-25 20:46:39,13955.891
2023-12-25 20:46:38,13955.445
2023-12-25 20:46:37,13953.922
2023-12-25 20:46:36,13956.523
2023-12-25 20:46:35,13956.02
2023-12-25 20:46:34,13956.637
2023-12-25 20:46:33,13955.434
2023-12-25 20:46:32,13957.141
2023-12-25 20:46:31,13956.406
2023-12-25 20:46:30,13956.797
2023-12-25 20:46:29,13956.426
2023-12-25 20:46:28,13956.27
2023-12-25 20:46:27,13954.461
2023-12-25 20:46:26,13954.148
2023-12-25 20:46:25,13955.395
2023-12-25 20:46:24,13956.152
2023-12-25 20:46:23,13955.559
2023-12-25 20:46:22,13956.242
2023-12-25 20:46:21,13956.039
2023-12-25 20:46:20,13956.605
2023-12-25 20:46:19,13956.301
2023-12-25 20:46:18,13956.324
2023-12-25 20:46:17,13953.84
2023-12-25 20:46:16,13954.641
2023-12-25 20:46:15,13954.766
2023-12-25 20:46:14,13954.996
2023-12-25 20:46:13,13954.305
2023-12-25 20:46:12,13955.844
2023-12-25 20:46:11,13945.98
2023-12-25 20:46:10,13955.188
2023-12-25 20:46:09,13955.715
2023-12-25 20:46:08,13953.18
2023-12-25 20:46:07,13952.508
2023-12-25 20:46:06,13955.684
2023-12-25 20:46:05,13955.652
2023-12-25 20:46:04,13955.629
2023-12-25 20:46:03,13955.441
2023-12-25 20:46:02,13956.645
2023-12-25 20:46:01,13956.879
2023-12-25 20:46:00,13955.91
2023-12-25 20:45:59,13955.172
2023-12-25 20:45:58,13953.934
2023-12-25 20:45:57,13954.957
2023-12-25 20:45:56,13954.477
2023-12-25 20:45:55,13954.453
2023-12-25 20:45:54,13954.641
2023-12-25 20:45:53,13955.156
2023-12-25 20:45:52,13954.457
2023-12-25 20:45:51,13954.363
2023-12-25 20:45:50,13955.543
2023-12-25 20:45:49,13955.797
2023-12-25 20:45:48,13953.824
2023-12-25 20:45:47,13953.863
2023-12-25 20:45:46,13955.574
2023-12-25 20:45:45,13955.59
2023-12-25 20:45:44,13953.871
2023-12-25 20:45:43,13953.91
2023-12-25 20:45:42,13947.969
2023-12-25 20:45:41,13955.848
2023-12-25 20:45:40,13955.703
2023-12-25 20:45:39,13955.133
2023-12-25 20:45:38,13955.148
2023-12-25 20:45:37,13953.43
2023-12-25 20:45:36,13955.871
2023-12-25 20:45:35,13955.586
2023-12-25 20:45:34,13956.086
2023-12-25 20:45:33,13955.008
2023-12-25 20:45:32,13956.23
2023-12-25 20:45:31,13955.887
2023-12-25 20:45:30,13956.363
2023-12-25 20:45:29,13954.906
2023-12-25 20:45:28,13955.227
2023-12-25 20:45:27,13953.188
2023-12-25 20:45:26,13955.77
2023-12-25 20:45:25,13955.445
2023-12-25 20:45:24,13955.746
2023-12-25 20:45:23,13953.496
2023-12-25 20:45:22,13953.059
2023-12-25 20:45:21,13953.219
2023-12-25 20:45:20,13953.492
2023-12-25 20:45:19,13951.938
2023-12-25 20:45:18,13951.938
2023-12-25 20:45:17,13950.078
2023-12-25 20:45:16,13951.582
2023-12-25 20:45:15,13950.883
2023-12-25 20:45:14,13950.344
2023-12-25 20:45:13,13939.738
2023-12-25 20:45:12,13950.82
2023-12-25 20:45:11,13951.074
2023-12-25 20:45:10,13952.43
2023-12-25 20:45:09,13953.016
2023-12-25 20:45:08,13955.16
2023-12-25 20:45:07,13955.07
2023-12-25 20:45:06,13954.922
2023-12-25 20:45:05,13956.332
2023-12-25 20:45:04,13955.078
2023-12-25 20:45:03,13955.41
2023-12-25 20:45:02,13954.582
2023-12-25 20:45:01,13954.84
2023-12-25 20:45:00,13955.348
2023-12-25 20:44:59,13955.184
2023-12-25 20:44:58,13954.836
2023-12-25 20:44:57,13955.914
2023-12-25 20:44:56,13958.082
2023-12-25 20:44:55,13959.41
2023-12-25 20:44:54,13967.676
2023-12-25 20:44:53,13967.418
2023-12-25 20:44:52,13970.723
2023-12-25 20:44:51,13971.66
2023-12-25 20:44:50,13969.938
2023-12-25 20:44:49,13969.938
2023-12-25 20:44:48,13968.012
2023-12-25 20:44:47,13967.75
2023-12-25 20:44:46,13969.559
2023-12-25 20:44:45,13969.273
2023-12-25 20:44:44,13969.031
2023-12-25 20:44:43,13968.852
2023-12-25 20:44:42,13970.012
2023-12-25 20:44:41,13969.676
2023-12-25 20:44:40,13970.074
2023-12-25 20:44:39,13968.93
2023-12-25 20:44:38,13968.789
2023-12-25 20:44:37,13966.715
2023-12-25 20:44:36,13968.395
2023-12-25 20:44:35,13967.598
2023-12-25 20:44:34,13967.23
2023-12-25 20:44:33,13966.648
2023-12-25 20:44:32,13968.699
2023-12-25 20:44:31,13968.617
2023-12-25 20:44:30,13968.715
2023-12-25 20:44:29,13966.648
2023-12-25 20:44:28,13966.328
2023-12-25 20:44:27,13961.469
2023-12-25 20:44:26,13962.457
2023-12-25 20:44:25,13962.629
2023-12-25 20:44:24,13963.695
2023-12-25 20:44:23,13961.867
2023-12-25 20:44:22,13966.461
2023-12-25 20:44:21,13966.066
2023-12-25 20:44:20,13966.52
2023-12-25 20:44:19,13965.336
2023-12-25 20:44:18,13965.273
2023-12-25 20:44:17,13963.398
2023-12-25 20:44:16,13965.641
2023-12-25 20:44:15,13962.215
2023-12-25 20:44:14,13965.168
2023-12-25 20:44:13,13964.613
2023-12-25 20:44:12,13966.695
2023-12-25 20:44:11,13966.789
2023-12-25 20:44:10,13966.684
2023-12-25 20:44:09,13966.781
2023-12-25 20:44:08,13965.523
2023-12-25 20:44:07,13965.637
2023-12-25 20:44:06,13968.477
2023-12-25 20:44:05,13968.578
2023-12-25 20:44:04,13966.488
2023-12-25 20:44:03,13966.762
2023-12-25 20:44:02,13968.371
2023-12-25 20:44:01,13968.062
2023-12-25 20:44:00,13968.344
2023-12-25 20:43:59,13968.367
2023-12-25 20:43:58,13968.359
2023-12-25 20:43:57,13968.438
2023-12-25 20:43:56,13966.254
2023-12-25 20:43:55,13966.508
2023-12-25 20:43:54,13964.875
2023-12-25 20:43:53,13965.129
2023-12-25 20:43:52,13966.699
2023-12-25 20:43:51,13966.699
2023-12-25 20:43:50,13966.191
2023-12-25 20:43:49,13966.184
2023-12-25 20:43:48,13965.695
2023-12-25 20:43:47,13965.34
2023-12-25 20:43:46,13966.246
2023-12-25 20:43:45,13966.168
2023-12-25 20:43:44,13966.379
2023-12-25 20:43:43,13966.285
2023-12-25 20:43:42,13967.957
2023-12-25 20:43:41,13968.246
2023-12-25 20:43:40,13968.066
2023-12-25 20:43:39,13967.262
2023-12-25 20:43:38,13967.336
2023-12-25 20:43:37,13966.523
2023-12-25 20:43:36,13967.121
2023-12-25 20:43:35,13968.617
2023-12-25 20:43:34,13969.344
2023-12-25 20:43:33,13967.762
2023-12-25 20:43:32,13969.164
2023-12-25 20:43:31,13966.637
2023-12-25 20:43:30,13966.461
2023-12-25 20:43:29,13965.633
2023-12-25 20:43:28,13965.918
2023-12-25 20:43:27,13964.219
2023-12-25 20:43:26,13965.996
2023-12-25 20:43:25,13964.512
2023-12-25 20:43:24,13965.242
2023-12-25 20:43:23,13963.98
2023-12-25 20:43:22,13965.469
2023-12-25 20:43:21,13965.461
2023-12-25 20:43:20,13965.977
2023-12-25 20:43:19,13965.02
2023-12-25 20:43:18,13965.266
2023-12-25 20:43:17,13955.84
2023-12-25 20:43:16,13963.426
2023-12-25 20:43:15,13963.246
2023-12-25 20:43:14,13964.738
2023-12-25 20:43:13,13964.934
2023-12-25 20:43:12,13965.234
2023-12-25 20:43:11,13965.996
2023-12-25 20:43:10,13965.242
2023-12-25 20:43:09,13966.324
2023-12-25 20:43:08,13965.785
2023-12-25 20:43:07,13965.785
2023-12-25 20:43:06,13966.605
2023-12-25 20:43:05,13957.383
2023-12-25 20:43:04,13956.434
2023-12-25 20:43:03,13956.398
2023-12-25 20:43:02,13956.395
2023-12-25 20:43:01,13956.648
2023-12-25 20:43:00,13956.785
2023-12-25 20:42:59,13957.062
2023-12-25 20:42:58,13954.77
2023-12-25 20:42:57,13955.141
2023-12-25 20:42:56,13955.531
2023-12-25 20:42:55,13955.023
2023-12-25 20:42:54,13954.129
2023-12-25 20:42:53,13954.129
2023-12-25 20:42:52,13955.309
2023-12-25 20:42:51,13955.711
2023-12-25 20:42:50,13954.742
2023-12-25 20:42:49,13954.75
2023-12-25 20:42:48,13954.77
2023-12-25 20:42:47,13954.871
2023-12-25 20:42:46,13944.047
2023-12-25 20:42:45,13954.648
2023-12-25 20:42:44,13954.57
2023-12-25 20:42:43,13953.906
2023-12-25 20:42:42,13956.348
2023-12-25 20:42:41,13956.566
2023-12-25 20:42:40,13956.297
2023-12-25 20:42:39,13956.047
2023-12-25 20:42:38,13955.898
2023-12-25 20:42:37,13954.094
2023-12-25 20:42:36,13957.152
2023-12-25 20:42:35,13956.074
2023-12-25 20:42:34,13957
2023-12-25 20:42:33,13954.312
2023-12-25 20:42:32,13957.262
2023-12-25 20:42:31,13956.477
2023-12-25 20:42:30,13956.711
2023-12-25 20:42:29,13955.574
2023-12-25 20:42:28,13955.594
2023-12-25 20:42:27,13952.293
2023-12-25 20:42:26,13955.523
2023-12-25 20:42:25,13956.27
2023-12-25 20:42:24,13955.07
2023-12-25 20:42:23,13954.566
2023-12-25 20:42:22,13955.945
2023-12-25 20:42:21,13953.715
2023-12-25 20:42:20,13953.363
2023-12-25 20:42:19,13954.387
2023-12-25 20:42:18,13954.207
2023-12-25 20:42:17,13943.414
2023-12-25 20:42:16,13955.27
2023-12-25 20:42:15,13955.168
2023-12-25 20:42:14,13952.52
2023-12-25 20:42:13,13952.73
2023-12-25 20:42:12,13953.582
2023-12-25 20:42:11,13953.34
2023-12-25 20:42:10,13954.27
2023-12-25 20:42:09,13954.961
2023-12-25 20:42:08,13955.355
2023-12-25 20:42:07,13956.184
2023-12-25 20:42:06,13956.598
2023-12-25 20:42:05,13956.418
2023-12-25 20:42:04,13956.684
2023-12-25 20:42:03,13956.383
2023-12-25 20:42:02,13957.602
2023-12-25 20:42:01,13957.301
2023-12-25 20:42:00,13956.406
2023-12-25 20:41:59,13956.219
2023-12-25 20:41:58,13954.219
2023-12-25 20:41:57,13955.074
2023-12-25 20:41:56,13955.023
2023-12-25 20:41:55,13950.832
2023-12-25 20:41:54,13951.105
2023-12-25 20:41:53,13950.648
2023-12-25 20:41:52,13951.602
2023-12-25 20:41:51,13951.844
2023-12-25 20:41:50,13952.59
2023-12-25 20:41:49,13952.793
2023-12-25 20:41:48,13941.555
2023-12-25 20:41:47,13951.199
2023-12-25 20:41:46,13953.926
2023-12-25 20:41:45,13952.391
2023-12-25 20:41:44,13952.23
2023-12-25 20:41:43,13951.617
2023-12-25 20:41:42,13952.137
2023-12-25 20:41:41,13951.367
2023-12-25 20:41:40,13951.355
2023-12-25 20:41:39,13953.281
2023-12-25 20:41:38,13953.406
2023-12-25 20:41:37,13952.535
2023-12-25 20:41:36,13954.043
2023-12-25 20:41:35,13953.305
2023-12-25 20:41:34,13953.648
2023-12-25 20:41:33,13952.844
2023-12-25 20:41:32,13953.789
2023-12-25 20:41:31,13954.504
2023-12-25 20:41:30,13954.344
2023-12-25 20:41:29,13952.531
2023-12-25 20:41:28,13952.203
2023-12-25 20:41:27,13950.828
2023-12-25 20:41:26,13952.809
2023-12-25 20:41:25,13953.195
2023-12-25 20:41:24,13954.816
2023-12-25 20:41:23,13951.34
2023-12-25 20:41:22,13954.238
2023-12-25 20:41:21,13953.762
2023-12-25 20:41:20,13954.32
2023-12-25 20:41:19,13953.285
2023-12-25 20:41:18,13953.262
2023-12-25 20:41:17,13941.934
2023-12-25 20:41:16,13953.348
2023-12-25 20:41:15,13953.527
2023-12-25 20:41:14,13952.586
2023-12-25 20:41:13,13952.703
2023-12-25 20:41:12,13952.617
2023-12-25 20:41:11,13952.633
2023-12-25 20:41:10,13953.508
2023-12-25 20:41:09,13953.742
2023-12-25 20:41:08,13953.438
2023-12-25 20:41:07,13953.168
2023-12-25 20:41:06,13954.211
2023-12-25 20:41:05,13954.258
2023-12-25 20:41:04,13953.445
2023-12-25 20:41:03,13953.535
2023-12-25 20:41:02,13956.5
2023-12-25 20:41:01,13957.008
2023-12-25 20:41:00,13956.422
2023-12-25 20:40:59,13956.141
2023-12-25 20:40:58,13956.668
2023-12-25 20:40:57,13956.414
2023-12-25 20:40:56,13955.523
2023-12-25 20:40:55,13955.27
2023-12-25 20:40:54,13954.469
2023-12-25 20:40:53,13955
2023-12-25 20:40:52,13954.809
2023-12-25 20:40:51,13955.055
2023-12-25 20:40:50,13954.477
2023-12-25 20:40:49,13955.207
2023-12-25 20:40:48,13953.434
2023-12-25 20:40:47,13953.691
2023-12-25 20:40:46,13945.852
2023-12-25 20:40:45,13955.965
2023-12-25 20:40:44,13955.945
2023-12-25 20:40:43,13956.078
2023-12-25 20:40:42,13956.578
2023-12-25 20:40:41,13956.348
2023-12-25 20:40:40,13956.922
2023-12-25 20:40:39,13957.082
2023-12-25 20:40:38,13957.102
2023-12-25 20:40:37,13956.117
2023-12-25 20:40:36,13957.602
2023-12-25 20:40:35,13957.641
2023-12-25 20:40:34,13957.145
2023-12-25 20:40:33,13957.184
2023-12-25 20:40:32,13960.145
2023-12-25 20:40:31,13960.07
2023-12-25 20:40:30,13960.137
2023-12-25 20:40:29,13959.328
2023-12-25 20:40:28,13958.906
2023-12-25 20:40:27,13956.262
2023-12-25 20:40:26,13956.84
2023-12-25 20:40:25,13956.52
2023-12-25 20:40:24,13956.273
2023-12-25 20:40:23,13954.949
2023-12-25 20:40:22,13958.426
2023-12-25 20:40:21,13957.77
2023-12-25 20:40:20,13958.434
2023-12-25 20:40:19,13958.43
2023-12-25 20:40:18,13957.938
2023-12-25 20:40:17,13946.07
2023-12-25 20:40:16,13957.215
2023-12-25 20:40:15,13957.531
2023-12-25 20:40:14,13956.793
2023-12-25 20:40:13,13956.785
2023-12-25 20:40:12,13957.48
2023-12-25 20:40:11,13957.551
2023-12-25 20:40:10,13957.23
2023-12-25 20:40:09,13959.078
2023-12-25 20:40:08,13958.527
2023-12-25 20:40:07,13958.418
2023-12-25 20:40:06,13958.754
2023-12-25 20:40:05,13958.582
2023-12-25 20:40:04,13958.305
2023-12-25 20:40:03,13958.582
2023-12-25 20:40:02,13958.746
2023-12-25 20:40:01,13959.164
2023-12-25 20:40:00,13958.895
2023-12-25 20:39:59,13959.004
2023-12-25 20:39:58,13957.445
2023-12-25 20:39:57,13957.453
2023-12-25 20:39:56,13958.555
2023-12-25 20:39:55,13958.805
2023-12-25 20:39:54,13966.941
2023-12-25 20:39:53,13966.828
2023-12-25 20:39:52,13967.066
2023-12-25 20:39:51,13967.574
2023-12-25 20:39:50,13966.785
2023-12-25 20:39:49,13967.426
2023-12-25 20:39:48,13947.184
2023-12-25 20:39:47,13957.875
2023-12-25 20:39:46,13959.668
2023-12-25 20:39:45,13958.824
2023-12-25 20:39:44,13958.926
2023-12-25 20:39:43,13956.871
2023-12-25 20:39:42,13959.332
2023-12-25 20:39:41,13958.332
2023-12-25 20:39:40,13958.586
2023-12-25 20:39:39,13959.129
2023-12-25 20:39:38,13958.934
2023-12-25 20:39:37,13957.406
2023-12-25 20:39:36,13960.273
2023-12-25 20:39:35,13959.785
2023-12-25 20:39:34,13959.824
2023-12-25 20:39:33,13959.047
2023-12-25 20:39:32,13960.105
2023-12-25 20:39:31,13960.113
2023-12-25 20:39:30,13960.105
2023-12-25 20:39:29,13960.129
2023-12-25 20:39:28,13960.129
2023-12-25 20:39:27,13957.328
2023-12-25 20:39:26,13960.102
2023-12-25 20:39:25,13959.602
2023-12-25 20:39:24,13958.984
2023-12-25 20:39:23,13958.559
2023-12-25 20:39:22,13960.34
2023-12-25 20:39:21,13960.316
2023-12-25 20:39:20,13961.074
2023-12-25 20:39:19,13953.789
2023-12-25 20:39:18,13958.168
2023-12-25 20:39:17,13958.016
2023-12-25 20:39:16,13957.91
2023-12-25 20:39:15,13957.266
2023-12-25 20:39:14,13957.176
2023-12-25 20:39:13,13957.023
2023-12-25 20:39:12,13955.602
2023-12-25 20:39:11,13957.387
2023-12-25 20:39:10,13958.375
2023-12-25 20:39:09,13959.434
2023-12-25 20:39:08,13958.027
2023-12-25 20:39:07,13958.23
2023-12-25 20:39:06,13957.551
2023-12-25 20:39:05,13957.34
2023-12-25 20:39:04,13957.793
2023-12-25 20:39:03,13958.023
2023-12-25 20:39:02,13958.477
2023-12-25 20:39:01,13958.473
2023-12-25 20:39:00,13959.449
2023-12-25 20:38:59,13959.418
2023-12-25 20:38:58,13958.516
2023-12-25 20:38:57,13958.555
2023-12-25 20:38:56,13958.082
2023-12-25 20:38:55,13956.605
2023-12-25 20:38:54,13954.117
2023-12-25 20:38:53,13953.84
2023-12-25 20:38:52,13954.805
2023-12-25 20:38:51,13955.492
2023-12-25 20:38:50,13945.309
2023-12-25 20:38:49,13952.867
2023-12-25 20:38:48,13953.398
2023-12-25 20:38:47,13955.559
2023-12-25 20:38:46,13957.395
2023-12-25 20:38:45,13956.516
2023-12-25 20:38:44,13956.234
2023-12-25 20:38:43,13954.102
2023-12-25 20:38:42,13954.816
2023-12-25 20:38:41,13956.016
2023-12-25 20:38:40,13956.453
2023-12-25 20:38:39,13956.461
2023-12-25 20:38:38,13956.27
2023-12-25 20:38:37,13954.992
2023-12-25 20:38:36,13956.246
2023-12-25 20:38:35,13955.375
2023-12-25 20:38:34,13955.137
2023-12-25 20:38:33,13952.402
2023-12-25 20:38:32,13954.059
2023-12-25 20:38:31,13953.164
2023-12-25 20:38:30,13952.691
2023-12-25 20:38:29,13952.449
2023-12-25 20:38:28,13952.434
2023-12-25 20:38:27,13950.852
2023-12-25 20:38:26,13953.996
2023-12-25 20:38:25,13953.762
2023-12-25 20:38:24,13954.316
2023-12-25 20:38:23,13952.742
2023-12-25 20:38:22,13954.027
2023-12-25 20:38:21,13949.145
2023-12-25 20:38:20,13954.336
2023-12-25 20:38:19,13955.117
2023-12-25 20:38:18,13954.754
2023-12-25 20:38:17,13951.188
2023-12-25 20:38:16,13951.656
2023-12-25 20:38:15,13951.652
2023-12-25 20:38:14,13950.977
2023-12-25 20:38:13,13950.996
2023-12-25 20:38:12,13951.375
2023-12-25 20:38:11,13951.613
2023-12-25 20:38:10,13951.406
2023-12-25 20:38:09,13952.203
2023-12-25 20:38:08,13951.398
2023-12-25 20:38:07,13951.098
2023-12-25 20:38:06,13952.422
2023-12-25 20:38:05,13952.805
2023-12-25 20:38:04,13951.496
2023-12-25 20:38:03,13951.391
2023-12-25 20:38:02,13951.727
2023-12-25 20:38:01,13951.578
2023-12-25 20:38:00,13953.023
2023-12-25 20:37:59,13953.031
2023-12-25 20:37:58,13953.203
2023-12-25 20:37:57,13953.211
2023-12-25 20:37:56,13952.891
2023-12-25 20:37:55,13953.66
2023-12-25 20:37:54,13952.441
2023-12-25 20:37:53,13951.973
2023-12-25 20:37:52,13949.152
2023-12-25 20:37:51,13954.57
2023-12-25 20:37:50,13955.422
2023-12-25 20:37:49,13955.473
2023-12-25 20:37:48,13955.555
2023-12-25 20:37:47,13953.219
2023-12-25 20:37:46,13955.57
2023-12-25 20:37:45,13953.535
2023-12-25 20:37:44,13953.551
2023-12-25 20:37:43,13951.598
2023-12-25 20:37:42,13954.555
2023-12-25 20:37:41,13954.102
2023-12-25 20:37:40,13954.578
2023-12-25 20:37:39,13955.066
2023-12-25 20:37:38,13955.215
2023-12-25 20:37:37,13953.926
2023-12-25 20:37:36,13955.457
2023-12-25 20:37:35,13953.891
2023-12-25 20:37:34,13953.855
2023-12-25 20:37:33,13954.645
2023-12-25 20:37:32,13956.43
2023-12-25 20:37:31,13954.406
2023-12-25 20:37:30,13954.355
2023-12-25 20:37:29,13947.219
2023-12-25 20:37:28,13947.344
2023-12-25 20:37:27,13946.75
2023-12-25 20:37:26,13948.562
2023-12-25 20:37:25,13947.59
2023-12-25 20:37:24,13946.766
2023-12-25 20:37:23,13947.598
2023-12-25 20:37:22,13948.078
2023-12-25 20:37:21,13947.492
2023-12-25 20:37:20,13953.949
2023-12-25 20:37:19,13957.523
2023-12-25 20:37:18,13957.797
2023-12-25 20:37:17,13957.516
2023-12-25 20:37:16,13957.41
2023-12-25 20:37:15,13957.215
2023-12-25 20:37:14,13955.676
2023-12-25 20:37:13,13955.434
2023-12-25 20:37:12,13957.359
2023-12-25 20:37:11,13957.355
2023-12-25 20:37:10,13957.551
2023-12-25 20:37:09,13957.797
2023-12-25 20:37:08,13956.84
2023-12-25 20:37:07,13957.051
2023-12-25 20:37:06,13957.449
2023-12-25 20:37:05,13957.695
2023-12-25 20:37:04,13957.371
2023-12-25 20:37:03,13957.395
2023-12-25 20:37:02,13957.508
2023-12-25 20:37:01,13957.891
2023-12-25 20:37:00,13956.895
2023-12-25 20:36:59,13957.125
2023-12-25 20:36:58,13956.172
2023-12-25 20:36:57,13956.203
2023-12-25 20:36:56,13954.691
2023-12-25 20:36:55,13953.223
2023-12-25 20:36:54,13953.18
2023-12-25 20:36:53,13953.422
2023-12-25 20:36:52,13949.469
2023-12-25 20:36:51,13953.668
2023-12-25 20:36:50,13953.738
2023-12-25 20:36:49,13952.918
2023-12-25 20:36:48,13953.02
2023-12-25 20:36:47,13952.422
2023-12-25 20:36:46,13955.086
2023-12-25 20:36:45,13952.238
2023-12-25 20:36:44,13952.422
2023-12-25 20:36:43,13952.102
2023-12-25 20:36:42,13954.781
2023-12-25 20:36:41,13953.504
2023-12-25 20:36:40,13955.5
2023-12-25 20:36:39,13954.5
2023-12-25 20:36:38,13954.531
2023-12-25 20:36:37,13953.105
2023-12-25 20:36:36,13955.141
2023-12-25 20:36:35,13954.418
2023-12-25 20:36:34,13954.375
2023-12-25 20:36:33,13952.855
2023-12-25 20:36:32,13955.844
2023-12-25 20:36:31,13954.73
2023-12-25 20:36:30,13954.289
2023-12-25 20:36:29,13954.219
2023-12-25 20:36:28,13954.387
2023-12-25 20:36:27,13952.223
2023-12-25 20:36:26,13953.746
2023-12-25 20:36:25,13954.133
2023-12-25 20:36:24,13952.641
2023-12-25 20:36:23,13951.281
2023-12-25 20:36:22,13954.09
2023-12-25 20:36:21,13944.516
2023-12-25 20:36:20,13955.371
2023-12-25 20:36:19,13955.176
2023-12-25 20:36:18,13955.562
2023-12-25 20:36:17,13955.637
2023-12-25 20:36:16,13953.77
2023-12-25 20:36:15,13953.52
2023-12-25 20:36:14,13954.777
2023-12-25 20:36:13,13955.051
2023-12-25 20:36:12,13955.105
2023-12-25 20:36:11,13955.434
2023-12-25 20:36:10,13955.77
2023-12-25 20:36:09,13955.926
2023-12-25 20:36:08,13955.828
2023-12-25 20:36:07,13956.375
2023-12-25 20:36:06,13954.82
2023-12-25 20:36:05,13955.016
2023-12-25 20:36:04,13953.707
2023-12-25 20:36:03,13954.094
2023-12-25 20:36:02,13958.477
2023-12-25 20:36:01,13958.723
2023-12-25 20:36:00,13955.816
2023-12-25 20:35:59,13956.094
2023-12-25 20:35:58,13954.398
2023-12-25 20:35:57,13954.652
2023-12-25 20:35:56,13955.184
2023-12-25 20:35:55,13955.684
2023-12-25 20:35:54,13943.441
2023-12-25 20:35:53,13953.898
2023-12-25 20:35:52,13956.043
2023-12-25 20:35:51,13955.363
2023-12-25 20:35:50,13956.094
2023-12-25 20:35:49,13955.352
2023-12-25 20:35:48,13955.703
2023-12-25 20:35:47,13953.766
2023-12-25 20:35:46,13955.27
2023-12-25 20:35:45,13954.148
2023-12-25 20:35:44,13954.395
2023-12-25 20:35:43,13954.16
2023-12-25 20:35:42,13954.148
2023-12-25 20:35:41,13954.371
2023-12-25 20:35:40,13954.598
2023-12-25 20:35:39,13954.906
2023-12-25 20:35:38,13954.891
2023-12-25 20:35:37,13951.984
2023-12-25 20:35:36,13955.887
2023-12-25 20:35:35,13955.18
2023-12-25 20:35:34,13955.453
2023-12-25 20:35:33,13955.117
2023-12-25 20:35:32,13956.289
2023-12-25 20:35:31,13956.297
2023-12-25 20:35:30,13956.504
2023-12-25 20:35:29,13957.797
2023-12-25 20:35:28,13957.77
2023-12-25 20:35:27,13948.77
2023-12-25 20:35:26,13958.41
2023-12-25 20:35:25,13958.215
2023-12-25 20:35:24,13957.59
2023-12-25 20:35:23,13957.953
2023-12-25 20:35:22,13959.676
2023-12-25 20:35:21,13959.434
2023-12-25 20:35:20,13959.254
2023-12-25 20:35:19,13958.883
2023-12-25 20:35:18,13959.879
2023-12-25 20:35:17,13960.266
2023-12-25 20:35:16,13959.711
2023-12-25 20:35:15,13960.02
2023-12-25 20:35:14,13959.238
2023-12-25 20:35:13,13959.746
2023-12-25 20:35:12,13960.324
2023-12-25 20:35:11,13960.578
2023-12-25 20:35:10,13960.215
2023-12-25 20:35:09,13960.195
2023-12-25 20:35:08,13959.512
2023-12-25 20:35:07,13959.254
2023-12-25 20:35:06,13959.32
2023-12-25 20:35:05,13959.754
2023-12-25 20:35:04,13958.031
2023-12-25 20:35:03,13958.234
2023-12-25 20:35:02,13959.047
2023-12-25 20:35:01,13959.039
2023-12-25 20:35:00,13949.172
2023-12-25 20:34:59,13958.844
2023-12-25 20:34:58,13959.008
2023-12-25 20:34:57,13958.082
2023-12-25 20:34:56,13960.207
2023-12-25 20:34:55,13961.617
2023-12-25 20:34:54,13970.797
2023-12-25 20:34:53,13969.449
2023-12-25 20:34:52,13971.57
2023-12-25 20:34:51,13969.297
2023-12-25 20:34:50,13967.27
2023-12-25 20:34:49,13967.699
2023-12-25 20:34:48,13968.199
2023-12-25 20:34:47,13964.406
2023-12-25 20:34:46,13966.074
2023-12-25 20:34:45,13966.223
2023-12-25 20:34:44,13965.523
2023-12-25 20:34:43,13966.559
2023-12-25 20:34:42,13966.543
2023-12-25 20:34:41,13968.477
2023-12-25 20:34:40,13968.52
2023-12-25 20:34:39,13967.285
2023-12-25 20:34:38,13968.461
2023-12-25 20:34:37,13968.859
2023-12-25 20:34:36,13968.957
2023-12-25 20:34:35,13968.449
2023-12-25 20:34:34,13968.383
2023-12-25 20:34:33,13966.43
2023-12-25 20:34:32,13968.793
2023-12-25 20:34:31,13968.336
2023-12-25 20:34:30,13967.848
2023-12-25 20:34:29,13967.348
2023-12-25 20:34:28,13966.898
2023-12-25 20:34:27,13967.441
2023-12-25 20:34:26,13967.582
2023-12-25 20:34:25,13967.82
2023-12-25 20:34:24,13968.32
2023-12-25 20:34:23,13968.074
2023-12-25 20:34:22,13968.469
2023-12-25 20:34:21,13968.312
2023-12-25 20:34:20,13968.227
2023-12-25 20:34:19,13968.227
2023-12-25 20:34:18,13967.738
2023-12-25 20:34:17,13967.977
2023-12-25 20:34:16,13969.613
2023-12-25 20:34:15,13969.191
2023-12-25 20:34:14,13967.824
2023-12-25 20:34:13,13967.832
2023-12-25 20:34:12,13969.078
2023-12-25 20:34:11,13969.332
2023-12-25 20:34:10,13968.617
2023-12-25 20:34:09,13969.82
2023-12-25 20:34:08,13968.543
2023-12-25 20:34:07,13968.512
2023-12-25 20:34:06,13970.215
2023-12-25 20:34:05,13970.43
2023-12-25 20:34:04,13965.43
2023-12-25 20:34:03,13971.602
2023-12-25 20:34:02,13971.414
2023-12-25 20:34:01,13971.605
2023-12-25 20:34:00,13971.312
2023-12-25 20:33:59,13970.855
2023-12-25 20:33:58,13971.586
2023-12-25 20:33:57,13969.496
2023-12-25 20:33:56,13970.574
2023-12-25 20:33:55,13969.535
2023-12-25 20:33:54,13970.801
2023-12-25 20:33:53,13969.504
2023-12-25 20:33:52,13969.336
2023-12-25 20:33:51,13957.156
2023-12-25 20:33:50,13957.332
2023-12-25 20:33:49,13955.172
2023-12-25 20:33:48,13955.98
2023-12-25 20:33:47,13953.859
2023-12-25 20:33:46,13955.098
2023-12-25 20:33:45,13954.965
2023-12-25 20:33:44,13954.797
2023-12-25 20:33:43,13953.762
2023-12-25 20:33:42,13955.258
2023-12-25 20:33:41,13954.195
2023-12-25 20:33:40,13953.941
2023-12-25 20:33:39,13953.27
2023-12-25 20:33:38,13951.562
2023-12-25 20:33:37,13951.742
2023-12-25 20:33:36,13953.582
2023-12-25 20:33:35,13948.152
2023-12-25 20:33:34,13953.594
2023-12-25 20:33:33,13953.461
2023-12-25 20:33:32,13953.781
2023-12-25 20:33:31,13954.059
2023-12-25 20:33:30,13953.262
2023-12-25 20:33:29,13953.262
2023-12-25 20:33:28,13953.055
2023-12-25 20:33:27,13953.047
2023-12-25 20:33:26,13954.281
2023-12-25 20:33:25,13954.281
2023-12-25 20:33:24,13954.09
2023-12-25 20:33:23,13954.285
2023-12-25 20:33:22,13954.43
2023-12-25 20:33:21,13954.68
2023-12-25 20:33:20,13955.359
2023-12-25 20:33:19,13955.711
2023-12-25 20:33:18,13955.82
2023-12-25 20:33:17,13955.539
2023-12-25 20:33:16,13955.656
2023-12-25 20:33:15,13955.414
2023-12-25 20:33:14,13954.516
2023-12-25 20:33:13,13955.074
2023-12-25 20:33:12,13957.051
2023-12-25 20:33:11,13957.707
2023-12-25 20:33:10,13956.535
2023-12-25 20:33:09,13956.543
2023-12-25 20:33:08,13956.957
2023-12-25 20:33:07,13957.305
2023-12-25 20:33:06,13952.367
2023-12-25 20:33:05,13958.105
2023-12-25 20:33:04,13958.656
2023-12-25 20:33:03,13956.555
2023-12-25 20:33:02,13958.648
2023-12-25 20:33:01,13957.836
2023-12-25 20:33:00,13958.332
2023-12-25 20:32:59,13957.391
2023-12-25 20:32:58,13957.625
2023-12-25 20:32:57,13955.902
2023-12-25 20:32:56,13956.289
2023-12-25 20:32:55,13956.285
2023-12-25 20:32:54,13956.297
2023-12-25 20:32:53,13956.07
2023-12-25 20:32:52,13956.602
2023-12-25 20:32:51,13955.625
2023-12-25 20:32:50,13955.695
2023-12-25 20:32:49,13956.121
2023-12-25 20:32:48,13956.605
2023-12-25 20:32:47,13953.977
2023-12-25 20:32:46,13955.414
2023-12-25 20:32:45,13954.262
2023-12-25 20:32:44,13954.934
2023-12-25 20:32:43,13953.844
2023-12-25 20:32:42,13955.73
2023-12-25 20:32:41,13955.727
2023-12-25 20:32:40,13955.73
2023-12-25 20:32:39,13953.992
2023-12-25 20:32:38,13954.746
2023-12-25 20:32:37,13944.879
2023-12-25 20:32:36,13955.961
2023-12-25 20:32:35,13956.031
2023-12-25 20:32:34,13957.48
2023-12-25 20:32:33,13957.785
2023-12-25 20:32:32,13956.281
2023-12-25 20:32:31,13956.039
2023-12-25 20:32:30,13956.516
2023-12-25 20:32:29,13956.777
2023-12-25 20:32:28,13956.035
2023-12-25 20:32:27,13956.074
2023-12-25 20:32:26,13956.332
2023-12-25 20:32:25,13956.332
2023-12-25 20:32:24,13955.852
2023-12-25 20:32:23,13956.59
2023-12-25 20:32:22,13957.07
2023-12-25 20:32:21,13957.273
2023-12-25 20:32:20,13955.77
2023-12-25 20:32:19,13956.277
2023-12-25 20:32:18,13955.789
2023-12-25 20:32:17,13955.797
2023-12-25 20:32:16,13954.93
2023-12-25 20:32:15,13954.93
2023-12-25 20:32:14,13955.434
2023-12-25 20:32:13,13955.418
2023-12-25 20:32:12,13955.688
2023-12-25 20:32:11,13955.777
2023-12-25 20:32:10,13955.723
2023-12-25 20:32:09,13955.699
2023-12-25 20:32:08,13948.129
2023-12-25 20:32:07,13952.297
2023-12-25 20:32:06,13955.516
2023-12-25 20:32:05,13954.449
2023-12-25 20:32:04,13954.953
2023-12-25 20:32:03,13953.711
2023-12-25 20:32:02,13955.016
2023-12-25 20:32:01,13954.176
2023-12-25 20:32:00,13954.27
2023-12-25 20:31:59,13953.688
2023-12-25 20:31:58,13954.215
2023-12-25 20:31:57,13954.18
2023-12-25 20:31:56,13956.09
2023-12-25 20:31:55,13955.523
2023-12-25 20:31:54,13955.168
2023-12-25 20:31:53,13953.391
2023-12-25 20:31:52,13955.133
2023-12-25 20:31:51,13953.691
2023-12-25 20:31:50,13954.227
2023-12-25 20:31:49,13953.227
2023-12-25 20:31:48,13953.441
2023-12-25 20:31:47,13952.723
2023-12-25 20:31:46,13953.91
2023-12-25 20:31:45,13953.242
2023-12-25 20:31:44,13953.668
2023-12-25 20:31:43,13951.363
2023-12-25 20:31:42,13954.781
2023-12-25 20:31:41,13954.535
2023-12-25 20:31:40,13955.211
2023-12-25 20:31:39,13949.805
2023-12-25 20:31:38,13955.453
2023-12-25 20:31:37,13955.242
2023-12-25 20:31:36,13955.09
2023-12-25 20:31:35,13955.328
2023-12-25 20:31:34,13954.305
2023-12-25 20:31:33,13954.258
2023-12-25 20:31:32,13955.527
2023-12-25 20:31:31,13955.477
2023-12-25 20:31:30,13954.105
2023-12-25 20:31:29,13954.547
2023-12-25 20:31:28,13955.984
2023-12-25 20:31:27,13955.836
2023-12-25 20:31:26,13954.781
2023-12-25 20:31:25,13954.781
2023-12-25 20:31:24,13954.254
2023-12-25 20:31:23,13954.688
2023-12-25 20:31:22,13953.543
2023-12-25 20:31:21,13953.441
2023-12-25 20:31:20,13954.25
2023-12-25 20:31:19,13954.344
2023-12-25 20:31:18,13954.02
2023-12-25 20:31:17,13954.422
2023-12-25 20:31:16,13952.562
2023-12-25 20:31:15,13952.285
2023-12-25 20:31:14,13952.777
2023-12-25 20:31:13,13952.77
2023-12-25 20:31:12,13954.484
2023-12-25 20:31:11,13955.195
2023-12-25 20:31:10,13955.457
2023-12-25 20:31:09,13955.723
2023-12-25 20:31:08,13947.129
2023-12-25 20:31:07,13954.289
2023-12-25 20:31:06,13956.184
2023-12-25 20:31:05,13957.18
2023-12-25 20:31:04,13957.141
2023-12-25 20:31:03,13956.262
2023-12-25 20:31:02,13957.723
2023-12-25 20:31:01,13956.727
2023-12-25 20:31:00,13956.316
2023-12-25 20:30:59,13954.52
2023-12-25 20:30:58,13954.27
2023-12-25 20:30:57,13954.898
2023-12-25 20:30:56,13957.285
2023-12-25 20:30:55,13957.324
2023-12-25 20:30:54,13955.539
2023-12-25 20:30:53,13954.242
2023-12-25 20:30:52,13954.535
2023-12-25 20:30:51,13953.008
2023-12-25 20:30:50,13953.008
2023-12-25 20:30:49,13953.016
2023-12-25 20:30:48,13953.293
2023-12-25 20:30:47,13953.824
2023-12-25 20:30:46,13954.59
2023-12-25 20:30:45,13953.586
2023-12-25 20:30:44,13953.57
2023-12-25 20:30:43,13953.695
2023-12-25 20:30:42,13956.211
2023-12-25 20:30:41,13955.477
2023-12-25 20:30:40,13955.957
2023-12-25 20:30:39,13945.336
2023-12-25 20:30:38,13954.973
2023-12-25 20:30:37,13955.199
2023-12-25 20:30:36,13954.828
2023-12-25 20:30:35,13954.934
2023-12-25 20:30:34,13955.574
2023-12-25 20:30:33,13955.551
2023-12-25 20:30:32,13956.02
2023-12-25 20:30:31,13956.113
2023-12-25 20:30:30,13955.285
2023-12-25 20:30:29,13955.527
2023-12-25 20:30:28,13956.797
2023-12-25 20:30:27,13956.781
2023-12-25 20:30:26,13953.898
2023-12-25 20:30:25,13953.883
2023-12-25 20:30:24,13955.113
2023-12-25 20:30:23,13955.195
2023-12-25 20:30:22,13955.406
2023-12-25 20:30:21,13955.883
2023-12-25 20:30:20,13953.949
2023-12-25 20:30:19,13953.934
2023-12-25 20:30:18,13953.68
2023-12-25 20:30:17,13953.457
2023-12-25 20:30:16,13954.785
2023-12-25 20:30:15,13954.809
2023-12-25 20:30:14,13953.066
2023-12-25 20:30:13,13953.078
2023-12-25 20:30:12,13944.027
2023-12-25 20:30:11,13954.645
2023-12-25 20:30:10,13954.918
2023-12-25 20:30:09,13954.383
2023-12-25 20:30:08,13954.809
2023-12-25 20:30:07,13954.512
2023-12-25 20:30:06,13956.035
2023-12-25 20:30:05,13954.949
2023-12-25 20:30:04,13955.363
2023-12-25 20:30:03,13954.004
2023-12-25 20:30:02,13956.844
2023-12-25 20:30:01,13955.27
2023-12-25 20:30:00,13954.715
2023-12-25 20:29:59,13954.52
2023-12-25 20:29:58,13955.16
2023-12-25 20:29:57,13954.055
2023-12-25 20:29:56,13956.098
2023-12-25 20:29:55,13956.059
2023-12-25 20:29:54,13963.625
2023-12-25 20:29:53,13963.277
2023-12-25 20:29:52,13965.875
2023-12-25 20:29:51,13965.398
2023-12-25 20:29:50,13965.898
2023-12-25 20:29:49,13966.879
2023-12-25 20:29:48,13967.133
2023-12-25 20:29:47,13966.801
2023-12-25 20:29:46,13969.535
2023-12-25 20:29:45,13963.941
2023-12-25 20:29:44,13969.812
2023-12-25 20:29:43,13968.953
2023-12-25 20:29:42,13969.312
2023-12-25 20:29:41,13969.375
2023-12-25 20:29:40,13970.262
2023-12-25 20:29:39,13969.855
2023-12-25 20:29:38,13969.543
2023-12-25 20:29:37,13969.801
2023-12-25 20:29:36,13969.582
2023-12-25 20:29:35,13969.352
2023-12-25 20:29:34,13969.039
2023-12-25 20:29:33,13969.051
2023-12-25 20:29:32,13968.836
2023-12-25 20:29:31,13968.582
2023-12-25 20:29:30,13968.367
2023-12-25 20:29:29,13968.078
2023-12-25 20:29:28,13968.758
2023-12-25 20:29:27,13969.848
2023-12-25 20:29:26,13968.734
2023-12-25 20:29:25,13969.074
2023-12-25 20:29:24,13968.141
2023-12-25 20:29:23,13968.883
2023-12-25 20:29:22,13969.008
2023-12-25 20:29:21,13969.254
2023-12-25 20:29:20,13969.055
2023-12-25 20:29:19,13969.309
2023-12-25 20:29:18,13967.969
2023-12-25 20:29:17,13968.051
2023-12-25 20:29:16,13959.73
2023-12-25 20:29:15,13969.328
2023-12-25 20:29:14,13969.445
2023-12-25 20:29:13,13969.641
2023-12-25 20:29:12,13971.055
2023-12-25 20:29:11,13970.004
2023-12-25 20:29:10,13969.605
2023-12-25 20:29:09,13969.754
2023-12-25 20:29:08,13969.211
2023-12-25 20:29:07,13969.492
2023-12-25 20:29:06,13972.508
2023-12-25 20:29:05,13971.203
2023-12-25 20:29:04,13971.465
2023-12-25 20:29:03,13970.016
2023-12-25 20:29:02,13973.238
2023-12-25 20:29:01,13972.352
2023-12-25 20:29:00,13972.098
2023-12-25 20:28:59,13970.953
2023-12-25 20:28:58,13970.953
2023-12-25 20:28:57,13970.523
2023-12-25 20:28:56,13972.301
2023-12-25 20:28:55,13971.867
2023-12-25 20:28:54,13969.336
2023-12-25 20:28:53,13968.676
2023-12-25 20:28:52,13969.395
2023-12-25 20:28:51,13969.121
2023-12-25 20:28:50,13969.117
2023-12-25 20:28:49,13968.625
2023-12-25 20:28:48,13968.625
2023-12-25 20:28:47,13968.633
2023-12-25 20:28:46,13969.066
2023-12-25 20:28:45,13968.434
2023-12-25 20:28:44,13967.812
2023-12-25 20:28:43,13967.691
2023-12-25 20:28:42,13967.387
2023-12-25 20:28:41,13967.539
2023-12-25 20:28:40,13969.012
2023-12-25 20:28:39,13967.617
2023-12-25 20:28:38,13967.152
2023-12-25 20:28:37,13968.098
2023-12-25 20:28:36,13968.289
2023-12-25 20:28:35,13968.297
2023-12-25 20:28:34,13968.945
2023-12-25 20:28:33,13969.281
2023-12-25 20:28:32,13968.645
2023-12-25 20:28:31,13968.477
2023-12-25 20:28:30,13967.949
2023-12-25 20:28:29,13967.293
2023-12-25 20:28:28,13967.227
2023-12-25 20:28:27,13967.48
2023-12-25 20:28:26,13967.598
2023-12-25 20:28:25,13967.844
2023-12-25 20:28:24,13967.098
2023-12-25 20:28:23,13966.918
2023-12-25 20:28:22,13968.797
2023-12-25 20:28:21,13968.5
2023-12-25 20:28:20,13958.965
2023-12-25 20:28:19,13968.031
2023-12-25 20:28:18,13968.344
2023-12-25 20:28:17,13967.523
2023-12-25 20:28:16,13968.961
2023-12-25 20:28:15,13967.902
2023-12-25 20:28:14,13967.512
2023-12-25 20:28:13,13966.906
2023-12-25 20:28:12,13967.617
2023-12-25 20:28:11,13966.312
2023-12-25 20:28:10,13966.512
2023-12-25 20:28:09,13967.312
2023-12-25 20:28:08,13967.578
2023-12-25 20:28:07,13966.664
2023-12-25 20:28:06,13968.512
2023-12-25 20:28:05,13968.664
2023-12-25 20:28:04,13968.66
2023-12-25 20:28:03,13968.773
2023-12-25 20:28:02,13968.941
2023-12-25 20:28:01,13968.727
2023-12-25 20:28:00,13968.426
2023-12-25 20:27:59,13966.688
2023-12-25 20:27:58,13966.941
2023-12-25 20:27:57,13966.801
2023-12-25 20:27:56,13968.297
2023-12-25 20:27:55,13967.566
2023-12-25 20:27:54,13967.719
2023-12-25 20:27:53,13965.574
2023-12-25 20:27:52,13959.926
2023-12-25 20:27:51,13947.121
2023-12-25 20:27:50,13958.242
2023-12-25 20:27:49,13958.441
2023-12-25 20:27:48,13957.629
2023-12-25 20:27:47,13957.699
2023-12-25 20:27:46,13958.379
2023-12-25 20:27:45,13957.84
2023-12-25 20:27:44,13957.254
2023-12-25 20:27:43,13957.387
2023-12-25 20:27:42,13958.559
2023-12-25 20:27:41,13959.074
2023-12-25 20:27:40,13959.969
2023-12-25 20:27:39,13959.938
2023-12-25 20:27:38,13960.27
2023-12-25 20:27:37,13960.664
2023-12-25 20:27:36,13960.559
2023-12-25 20:27:35,13961.375
2023-12-25 20:27:34,13957.871
2023-12-25 20:27:33,13958.484
2023-12-25 20:27:32,13959.777
2023-12-25 20:27:31,13960.004
2023-12-25 20:27:30,13959.281
2023-12-25 20:27:29,13959.281
2023-12-25 20:27:28,13957.766
2023-12-25 20:27:27,13958.102
2023-12-25 20:27:26,13958.93
2023-12-25 20:27:25,13959.348
2023-12-25 20:27:24,13951.371
2023-12-25 20:27:23,13958.516
2023-12-25 20:27:22,13957.582
2023-12-25 20:27:21,13958.648
2023-12-25 20:27:20,13958.012
2023-12-25 20:27:19,13957.168
2023-12-25 20:27:18,13956.734
2023-12-25 20:27:17,13955.453
2023-12-25 20:27:16,13956.762
2023-12-25 20:27:15,13955.957
2023-12-25 20:27:14,13956.574
2023-12-25 20:27:13,13955.262
2023-12-25 20:27:12,13958.312
2023-12-25 20:27:11,13957.277
2023-12-25 20:27:10,13957.094
2023-12-25 20:27:09,13957.297
2023-12-25 20:27:08,13957.758
2023-12-25 20:27:07,13955.859
2023-12-25 20:27:06,13958.348
2023-12-25 20:27:05,13957.965
2023-12-25 20:27:04,13957.77
2023-12-25 20:27:03,13956.707
2023-12-25 20:27:02,13959.145
2023-12-25 20:27:01,13957.699
2023-12-25 20:27:00,13957.98
2023-12-25 20:26:59,13956.25
2023-12-25 20:26:58,13955.219
2023-12-25 20:26:57,13953.289
2023-12-25 20:26:56,13954.383
2023-12-25 20:26:55,13944.293
2023-12-25 20:26:54,13954.484
2023-12-25 20:26:53,13954.473
2023-12-25 20:26:52,13955.117
2023-12-25 20:26:51,13955.137
2023-12-25 20:26:50,13955.594
2023-12-25 20:26:49,13956.191
2023-12-25 20:26:48,13955.113
2023-12-25 20:26:47,13955
2023-12-25 20:26:46,13955.203
2023-12-25 20:26:45,13957.246
2023-12-25 20:26:44,13956.844
2023-12-25 20:26:43,13956.938
2023-12-25 20:26:42,13956.602
2023-12-25 20:26:41,13956.992
2023-12-25 20:26:40,13956.375
2023-12-25 20:26:39,13956.148
2023-12-25 20:26:38,13955.105
2023-12-25 20:26:37,13954.711
2023-12-25 20:26:36,13957.406
2023-12-25 20:26:35,13957.66
2023-12-25 20:26:34,13957.332
2023-12-25 20:26:33,13957.133
2023-12-25 20:26:32,13957.805
2023-12-25 20:26:31,13957.801
2023-12-25 20:26:30,13957.035
2023-12-25 20:26:29,13957.312
2023-12-25 20:26:28,13955.809
2023-12-25 20:26:27,13955.809
2023-12-25 20:26:26,13950.711
2023-12-25 20:26:25,13958.336
2023-12-25 20:26:24,13958.379
2023-12-25 20:26:23,13957.883
2023-12-25 20:26:22,13959.996
2023-12-25 20:26:21,13958.676
2023-12-25 20:26:20,13959.125
2023-12-25 20:26:19,13958.18
2023-12-25 20:26:18,13958.68
2023-12-25 20:26:17,13957.965
2023-12-25 20:26:16,13960.48
2023-12-25 20:26:15,13959.297
2023-12-25 20:26:14,13959.391
2023-12-25 20:26:13,13958.609
2023-12-25 20:26:12,13959.336
2023-12-25 20:26:11,13959.277
2023-12-25 20:26:10,13959.527
2023-12-25 20:26:09,13959.875
2023-12-25 20:26:08,13960.012
2023-12-25 20:26:07,13957.855
2023-12-25 20:26:06,13959.543
2023-12-25 20:26:05,13959.586
2023-12-25 20:26:04,13959.586
2023-12-25 20:26:03,13958.777
2023-12-25 20:26:02,13962.422
2023-12-25 20:26:01,13960.934
2023-12-25 20:26:00,13960.941
2023-12-25 20:25:59,13959.75
2023-12-25 20:25:58,13959.973
2023-12-25 20:25:57,13948.973
2023-12-25 20:25:56,13961.223
2023-12-25 20:25:55,13961.219
2023-12-25 20:25:54,13961.488
2023-12-25 20:25:53,13961.316
2023-12-25 20:25:52,13961.859
2023-12-25 20:25:51,13960.199
2023-12-25 20:25:50,13960.133
2023-12-25 20:25:49,13960.551
2023-12-25 20:25:48,13961.328
2023-12-25 20:25:47,13961.832
2023-12-25 20:25:46,13961.582
2023-12-25 20:25:45,13961.695
2023-12-25 20:25:44,13960.777
2023-12-25 20:25:43,13960.727
2023-12-25 20:25:42,13959.891
2023-12-25 20:25:41,13960.152
2023-12-25 20:25:40,13960.379
2023-12-25 20:25:39,13960.625
2023-12-25 20:25:38,13959.156
2023-12-25 20:25:37,13959.156
2023-12-25 20:25:36,13961.695
2023-12-25 20:25:35,13961.688
2023-12-25 20:25:34,13961.945
2023-12-25 20:25:33,13961.695
2023-12-25 20:25:32,13961.801
2023-12-25 20:25:31,13962.055
2023-12-25 20:25:30,13956.41
2023-12-25 20:25:29,13960.801
2023-12-25 20:25:28,13960.918
2023-12-25 20:25:27,13961.168
2023-12-25 20:25:26,13962.988
2023-12-25 20:25:25,13962.07
2023-12-25 20:25:24,13961.293
2023-12-25 20:25:23,13960.363
2023-12-25 20:25:22,13960.738
2023-12-25 20:25:21,13960.797
2023-12-25 20:25:20,13961.449
2023-12-25 20:25:19,13960.742
2023-12-25 20:25:18,13960.984
2023-12-25 20:25:17,13959.086
2023-12-25 20:25:16,13961.996
2023-12-25 20:25:15,13961.98
2023-12-25 20:25:14,13962.449
2023-12-25 20:25:13,13959.496
2023-12-25 20:25:12,13962.348
2023-12-25 20:25:11,13962.082
2023-12-25 20:25:10,13962.098
2023-12-25 20:25:09,13961.355
2023-12-25 20:25:08,13961.355
2023-12-25 20:25:07,13959.742
2023-12-25 20:25:06,13963.039
2023-12-25 20:25:05,13962.051
2023-12-25 20:25:04,13961.629
2023-12-25 20:25:03,13959.828
2023-12-25 20:25:02,13961.926
2023-12-25 20:25:01,13961.258
2023-12-25 20:25:00,13960.691
2023-12-25 20:24:59,13960.461
2023-12-25 20:24:58,13960.906
2023-12-25 20:24:57,13961.438
2023-12-25 20:24:56,13963.438
2023-12-25 20:24:55,13963.461
2023-12-25 20:24:54,13972.289
2023-12-25 20:24:53,13972.148
2023-12-25 20:24:52,13970.57
2023-12-25 20:24:51,13971.344
2023-12-25 20:24:50,13969.855
2023-12-25 20:24:49,13970.438
2023-12-25 20:24:48,13968.898
2023-12-25 20:24:47,13968.793
2023-12-25 20:24:46,13969.109
2023-12-25 20:24:45,13968.469
2023-12-25 20:24:44,13968.641
2023-12-25 20:24:43,13968.441
2023-12-25 20:24:42,13970.176
2023-12-25 20:24:41,13970.453
2023-12-25 20:24:40,13969.848
2023-12-25 20:24:39,13969.848
2023-12-25 20:24:38,13969.277
2023-12-25 20:24:37,13969.023
2023-12-25 20:24:36,13970.887
2023-12-25 20:24:35,13970.91
2023-12-25 20:24:34,13968.141
2023-12-25 20:24:33,13969.863
2023-12-25 20:24:32,13971.684
2023-12-25 20:24:31,13971.094
2023-12-25 20:24:30,13971.879
2023-12-25 20:24:29,13970.82
2023-12-25 20:24:28,13971.086
2023-12-25 20:24:27,13969.371
2023-12-25 20:24:26,13971.285
2023-12-25 20:24:25,13971.68
2023-12-25 20:24:24,13970.727
2023-12-25 20:24:23,13968.863
2023-12-25 20:24:22,13970.344
2023-12-25 20:24:21,13969.863
2023-12-25 20:24:20,13970.055
2023-12-25 20:24:19,13969.793
2023-12-25 20:24:18,13969.59
2023-12-25 20:24:17,13969.914
2023-12-25 20:24:16,13972.281
2023-12-25 20:24:15,13971.004
2023-12-25 20:24:14,13971.82
2023-12-25 20:24:13,13970.965
2023-12-25 20:24:12,13972.77
2023-12-25 20:24:11,13972.035
2023-12-25 20:24:10,13972.027
2023-12-25 20:24:09,13972.523
2023-12-25 20:24:08,13972.516
2023-12-25 20:24:07,13971.027
2023-12-25 20:24:06,13975.434
2023-12-25 20:24:05,13965.078
2023-12-25 20:24:04,13974.723
2023-12-25 20:24:03,13974.676
2023-12-25 20:24:02,13974.469
2023-12-25 20:24:01,13974.688
2023-12-25 20:24:00,13972.035
2023-12-25 20:23:59,13972.453
2023-12-25 20:23:58,13971.996
2023-12-25 20:23:57,13971.828
2023-12-25 20:23:56,13973.488
2023-12-25 20:23:55,13971.965
2023-12-25 20:23:54,13970.859
2023-12-25 20:23:53,13970.512
2023-12-25 20:23:52,13970.336
2023-12-25 20:23:51,13970.434
2023-12-25 20:23:50,13970.625
2023-12-25 20:23:49,13970.734
2023-12-25 20:23:48,13968.895
2023-12-25 20:23:47,13968.746
2023-12-25 20:23:46,13969.527
2023-12-25 20:23:45,13970.207
2023-12-25 20:23:44,13969.922
2023-12-25 20:23:43,13970.168
2023-12-25 20:23:42,13968.371
2023-12-25 20:23:41,13969.035
2023-12-25 20:23:40,13969.047
2023-12-25 20:23:39,13969.531
2023-12-25 20:23:38,13965.348
2023-12-25 20:23:37,13969.344
2023-12-25 20:23:36,13971.285
2023-12-25 20:23:35,13971.648
2023-12-25 20:23:34,13972.312
2023-12-25 20:23:33,13970.918
2023-12-25 20:23:32,13973.59
2023-12-25 20:23:31,13973
2023-12-25 20:23:30,13973.012
2023-12-25 20:23:29,13970.898
2023-12-25 20:23:28,13970.508
2023-12-25 20:23:27,13968.195
2023-12-25 20:23:26,13970.77
2023-12-25 20:23:25,13970.652
2023-12-25 20:23:24,13971.336
2023-12-25 20:23:23,13970.711
2023-12-25 20:23:22,13971.566
2023-12-25 20:23:21,13971.625
2023-12-25 20:23:20,13972.117
2023-12-25 20:23:19,13971.684
2023-12-25 20:23:18,13971.43
2023-12-25 20:23:17,13968.934
2023-12-25 20:23:16,13971.918
2023-12-25 20:23:15,13969.93
2023-12-25 20:23:14,13969.414
2023-12-25 20:23:13,13966.441
2023-12-25 20:23:12,13969.637
2023-12-25 20:23:11,13969.719
2023-12-25 20:23:10,13969.711
2023-12-25 20:23:09,13959.629
2023-12-25 20:23:08,13968.953
2023-12-25 20:23:07,13969.219
2023-12-25 20:23:06,13970.59
2023-12-25 20:23:05,13971.121
2023-12-25 20:23:04,13970.785
2023-12-25 20:23:03,13970.676
2023-12-25 20:23:02,13971.977
2023-12-25 20:23:01,13972.59
2023-12-25 20:23:00,13970.984
2023-12-25 20:22:59,13970.047
2023-12-25 20:22:58,13970.25
2023-12-25 20:22:57,13969.789
2023-12-25 20:22:56,13969.215
2023-12-25 20:22:55,13969.215
2023-12-25 20:22:54,13969.898
2023-12-25 20:22:53,13969.77
2023-12-25 20:22:52,13969.906
2023-12-25 20:22:51,13969.902
2023-12-25 20:22:50,13968.949
2023-12-25 20:22:49,13969.242
2023-12-25 20:22:48,13967.234
2023-12-25 20:22:47,13967.301
2023-12-25 20:22:46,13969.98
2023-12-25 20:22:45,13969.727
2023-12-25 20:22:44,13969.441
2023-12-25 20:22:43,13969.461
2023-12-25 20:22:42,13964.484
2023-12-25 20:22:41,13971.422
2023-12-25 20:22:40,13971.332
2023-12-25 20:22:39,13970.48
2023-12-25 20:22:38,13969.371
2023-12-25 20:22:37,13967.992
2023-12-25 20:22:36,13971.836
2023-12-25 20:22:35,13971.203
2023-12-25 20:22:34,13971.832
2023-12-25 20:22:33,13969.652
2023-12-25 20:22:32,13971.73
2023-12-25 20:22:31,13971.695
2023-12-25 20:22:30,13971.078
2023-12-25 20:22:29,13969.488
2023-12-25 20:22:28,13969.703
2023-12-25 20:22:27,13968.301
2023-12-25 20:22:26,13968.984
2023-12-25 20:22:25,13970.121
2023-12-25 20:22:24,13970.406
2023-12-25 20:22:23,13968.637
2023-12-25 20:22:22,13970.172
2023-12-25 20:22:21,13968.852
2023-12-25 20:22:20,13968.621
2023-12-25 20:22:19,13967.637
2023-12-25 20:22:18,13967.637
2023-12-25 20:22:17,13965.875
2023-12-25 20:22:16,13960.625
2023-12-25 20:22:15,13960.617
2023-12-25 20:22:14,13960.594
2023-12-25 20:22:13,13956.023
2023-12-25 20:22:12,13960.578
2023-12-25 20:22:11,13960.309
2023-12-25 20:22:10,13961.965
2023-12-25 20:22:09,13962.336
2023-12-25 20:22:08,13960.992
2023-12-25 20:22:07,13960.395
2023-12-25 20:22:06,13963.891
2023-12-25 20:22:05,13964.582
2023-12-25 20:22:04,13964.141
2023-12-25 20:22:03,13964.289
2023-12-25 20:22:02,13964.742
2023-12-25 20:22:01,13964.77
2023-12-25 20:22:00,13964.715
2023-12-25 20:21:59,13964.715
